Cruise,Station,Target Asset,Start Latitude [degrees],Start Longitude [degrees],Start Time [UTC],Cast,Cast Flag,Bottom Depth at Start Position [m],CTD File,CTD File Flag,Niskin/Bottle Position,Niskin Flag,CTD Bottle Closure Time [UTC],CTD Pressure [db],CTD Pressure Flag,CTD Depth [m],CTD Latitude [deg],CTD Longitude [deg],CTD Temperature 1 [deg C],CTD Temperature 1 Flag,CTD Temperature 2 [deg C],CTD Temperature 2 Flag,CTD Conductivity 1 [S/m],CTD Conductivity 1 Flag,CTD Conductivity 2 [S/m],CTD Conductivity 2 Flag,CTD Salinity 1 [psu],CTD Salinity 2 [psu],CTD Oxygen [mL/L],CTD Oxygen Flag,CTD Oxygen Saturation [mL/L],CTD Fluorescence [mg/m^3],CTD Fluorescence Flag,CTD Beam Attenuation [1/m],CTD Beam Transmission [%],CTD Transmissometer Flag,CTD pH,CTD pH Flag,Discrete Oxygen [mL/L],Discrete Oxygen Flag,Discrete Oxygen Replicate Flag,Discrete Chlorophyll [ug/L],Discrete Phaeopigment [ug/L],Discrete Fo/Fa Ratio,Discrete Fluorescence Flag,Discrete Fluorescence Replicate Flag,Discrete Phosphate [uM],Discrete Silicate [uM],Discrete Nitrate [uM],Discrete Nitrite [uM],Discrete Ammonium [uM],Discrete Nutrients Flag,Discrete Nutrients Replicate Flag,Discrete Salinity [psu],Discrete Salinity Flag,Discrete Salinity Replicate Flag,Discrete Alkalinity [umol/kg],Discrete Alkalinity Flag,Discrete Alkalinity Replicate Flag,Discrete DIC [umol/kg],Discrete DIC Flag,Discrete DIC Replicate Flag,Discrete pCO2 [uatm],pCO2 Analysis Temp [deg C],Discrete pCO2 Flag,Discrete pCO2 Replicate Flag,Discrete pH [Total scale],pH Analysis Temp [deg C],Discrete pH Flag,Discrete pH Replicate Flag,Calculated Alkalinity [umol/kg],Calculated DIC [umol/kg],Calculated pCO2 [uatm],Calculated pH,Calculated CO2aq [umol/kg],Calculated Bicarb [umol/kg],Calculated CO3 [umol/kg],Calculated Omega-C,Calculated Omega-A
SKQ202405S,CE07,"CE07SHSM-00018, CE05MOAS-GL384-00015",46.989,-124.556,2024-03-31T00:42:34.000Z,1,*0000000000000100,87,SKQ202405S_001.hex,*0000000000000100,1,*0000000000000100,2024-03-31T00:53:14.000Z,80.583,*0000000000000100,79.899,46.98906,-124.55594,10.2155,*0000000000000100,10.2163,*0000000000000100,3.572629,*0000000000000100,3.572751,*0000000000000100,32.363,32.3635,5.6368,*0000000010000100,6.39236,0.0288,*0000000000000100,0.1562,85.5368,*0000000000000100,8.119,*0000000000000100,5.832,*0000000000000100,*0000000000001000,0.150,0.250,1.350,-9999999,-9999999,-9999999,-9999999,-9999999,-9999999,-9999999,-9999999,-9999999,-9999999,-9999999,-9999999,-9999999,-9999999,-9999999,-9999999,-9999999,-9999999,-9999999,-9999999,-9999999,-9999999,-9999999,-9999999,-9999999,-9999999,-9999999,-9999999,-9999999,-9999999,-9999999,-9999999,-9999999,-9999999,-9999999
SKQ202405S,CE07,"CE07SHSM-00018, CE05MOAS-GL384-00015",46.989,-124.556,2024-03-31T00:42:34.000Z,1,*0000000000000100,87,SKQ202405S_001.hex,*0000000000000100,1,*0000000000000100,2024-03-31T00:53:14.000Z,80.583,*0000000000000100,79.899,46.98906,-124.55594,10.2155,*0000000000000100,10.2163,*0000000000000100,3.572629,*0000000000000100,3.572751,*0000000000000100,32.363,32.3635,5.6368,*0000000010000100,6.39236,0.0288,*0000000000000100,0.1562,85.5368,*0000000000000100,8.119,*0000000000000100,5.759,*0000000000000100,*0000000000001000,0.150,0.270,1.330,-9999999,-9999999,-9999999,-9999999,-9999999,-9999999,-9999999,-9999999,-9999999,-9999999,-9999999,-9999999,-9999999,-9999999,-9999999,-9999999,-9999999,-9999999,-9999999,-9999999,-9999999,-9999999,-9999999,-9999999,-9999999,-9999999,-9999999,-9999999,-9999999,-9999999,-9999999,-9999999,-9999999,-9999999,-9999999
SKQ202405S,CE07,"CE07SHSM-00018, CE05MOAS-GL384-00015",46.989,-124.556,2024-03-31T00:42:34.000Z,1,*0000000000000100,87,SKQ202405S_001.hex,*0000000000000100,3,*0000000000000100,2024-03-31T00:56:36.000Z,48.692,*0000000000000100,48.282,46.98906,-124.55594,10.5142,*0000000000000100,10.5154,*0000000000000100,3.584277,*0000000000000100,3.584371,*0000000000000100,32.2282,32.2281,6.1001,*0000000010000100,6.35657,0.0654,*0000000000000100,0.0341,96.6523,*0000000000000100,8.179,*0000000000000100,6.260,*0000000000000100,*0000000000001000,-9999999,-9999999,-9999999,-9999999,-9999999,-9999999,-9999999,-9999999,-9999999,-9999999,-9999999,-9999999,-9999999,-9999999,-9999999,-9999999,-9999999,-9999999,-9999999,-9999999,-9999999,-9999999,-9999999,-9999999,-9999999,-9999999,-9999999,-9999999,-9999999,-9999999,-9999999,-9999999,-9999999,-9999999,-9999999,-9999999,-9999999,-9999999
SKQ202405S,CE07,"CE07SHSM-00018, CE05MOAS-GL384-00015",46.989,-124.556,2024-03-31T00:42:34.000Z,1,*0000000000000100,87,SKQ202405S_001.hex,*0000000000000100,3,*0000000000000100,2024-03-31T00:56:36.000Z,48.692,*0000000000000100,48.282,46.98906,-124.55594,10.5142,*0000000000000100,10.5154,*0000000000000100,3.584277,*0000000000000100,3.584371,*0000000000000100,32.2282,32.2281,6.1001,*0000000010000100,6.35657,0.0654,*0000000000000100,0.0341,96.6523,*0000000000000100,8.179,*0000000000000100,6.274,*0000000000000100,*0000000000001000,-9999999,-9999999,-9999999,-9999999,-9999999,-9999999,-9999999,-9999999,-9999999,-9999999,-9999999,-9999999,-9999999,-9999999,-9999999,-9999999,-9999999,-9999999,-9999999,-9999999,-9999999,-9999999,-9999999,-9999999,-9999999,-9999999,-9999999,-9999999,-9999999,-9999999,-9999999,-9999999,-9999999,-9999999,-9999999,-9999999,-9999999,-9999999
SKQ202405S,CE07,"CE07SHSM-00018, CE05MOAS-GL384-00015",46.989,-124.556,2024-03-31T00:42:34.000Z,1,*0000000000000100,87,SKQ202405S_001.hex,*0000000000000100,5,*0000000000000100,2024-03-31T01:00:09.000Z,23.371,*0000000000000100,23.175,46.98906,-124.55594,10.7025,*0000000000000100,10.704,*0000000000000100,3.572435,*0000000000000100,3.572584,*0000000000000100,31.9553,31.9555,6.4349,*0000000010000100,6.34179,0.4574,*0000000000000100,0.0908,91.3186,*0000000000000100,8.231,*0000000000000100,6.613,*0000000000000100,*0000000000001000,2.920,0.410,1.810,-9999999,-9999999,-9999999,-9999999,-9999999,-9999999,-9999999,-9999999,-9999999,-9999999,-9999999,-9999999,-9999999,-9999999,-9999999,-9999999,-9999999,-9999999,-9999999,-9999999,-9999999,-9999999,-9999999,-9999999,-9999999,-9999999,-9999999,-9999999,-9999999,-9999999,-9999999,-9999999,-9999999,-9999999,-9999999
SKQ202405S,CE07,"CE07SHSM-00018, CE05MOAS-GL384-00015",46.989,-124.556,2024-03-31T00:42:34.000Z,1,*0000000000000100,87,SKQ202405S_001.hex,*0000000000000100,5,*0000000000000100,2024-03-31T01:00:09.000Z,23.371,*0000000000000100,23.175,46.98906,-124.55594,10.7025,*0000000000000100,10.704,*0000000000000100,3.572435,*0000000000000100,3.572584,*0000000000000100,31.9553,31.9555,6.4349,*0000000010000100,6.34179,0.4574,*0000000000000100,0.0908,91.3186,*0000000000000100,8.231,*0000000000000100,6.613,*0000000000000100,*0000000000001000,2.740,0.400,1.800,-9999999,-9999999,-9999999,-9999999,-9999999,-9999999,-9999999,-9999999,-9999999,-9999999,-9999999,-9999999,-9999999,-9999999,-9999999,-9999999,-9999999,-9999999,-9999999,-9999999,-9999999,-9999999,-9999999,-9999999,-9999999,-9999999,-9999999,-9999999,-9999999,-9999999,-9999999,-9999999,-9999999,-9999999,-9999999
SKQ202405S,CE07,"CE07SHSM-00018, CE05MOAS-GL384-00015",46.989,-124.556,2024-03-31T00:42:34.000Z,1,*0000000000000100,87,SKQ202405S_001.hex,*0000000000000100,7,*0000000000000100,2024-03-31T01:03:18.000Z,5.876,*0000000000000100,5.827,46.98906,-124.55594,10.858,*0000000000000100,10.8582,*0000000000000100,3.537441,*0000000000000100,3.537698,*0000000000000100,31.481,31.4834,6.8714,*0000000010000100,6.33969,0.3865,*0000000000000100,0.1516,85.9388,*0000000000000100,8.29,*0000000000000100,7.022,*0000000000000100,*0000000000001000,1.090,0.260,1.740,-9999999,-9999999,-9999999,-9999999,-9999999,-9999999,-9999999,-9999999,-9999999,-9999999,-9999999,-9999999,-9999999,-9999999,-9999999,-9999999,-9999999,-9999999,-9999999,-9999999,-9999999,-9999999,-9999999,-9999999,-9999999,-9999999,-9999999,-9999999,-9999999,-9999999,-9999999,-9999999,-9999999,-9999999,-9999999
SKQ202405S,CE07,"CE07SHSM-00018, CE05MOAS-GL384-00015",46.989,-124.556,2024-03-31T00:42:34.000Z,1,*0000000000000100,87,SKQ202405S_001.hex,*0000000000000100,7,*0000000000000100,2024-03-31T01:03:18.000Z,5.876,*0000000000000100,5.827,46.98906,-124.55594,10.858,*0000000000000100,10.8582,*0000000000000100,3.537441,*0000000000000100,3.537698,*0000000000000100,31.481,31.4834,6.8714,*0000000010000100,6.33969,0.3865,*0000000000000100,0.1516,85.9388,*0000000000000100,8.29,*0000000000000100,7.027,*0000000000000100,*0000000000001000,1.630,0.150,1.840,-9999999,-9999999,-9999999,-9999999,-9999999,-9999999,-9999999,-9999999,-9999999,-9999999,-9999999,-9999999,-9999999,-9999999,-9999999,-9999999,-9999999,-9999999,-9999999,-9999999,-9999999,-9999999,-9999999,-9999999,-9999999,-9999999,-9999999,-9999999,-9999999,-9999999,-9999999,-9999999,-9999999,-9999999,-9999999
SKQ202405S,CE07,"CE07SHSM-00018, CE05MOAS-GL384-00015",46.989,-124.556,2024-03-31T00:42:34.000Z,1,*0000000000000100,87,SKQ202405S_001.hex,*0000000000000100,9,*0000000000000100,2024-03-31T01:05:48.000Z,2.371,*0000000000000100,2.351,46.98906,-124.55594,10.8504,*0000000000000100,10.8513,*0000000000000100,3.538282,*0000000000000100,3.538486,*0000000000000100,31.4973,31.4986,6.8862,*0000000010000100,6.34007,0.3421,*0000000000000100,0.159,85.3048,*0000000000000100,8.292,*0000000000000100,7.035,*0000000000000100,*0000000000001000,1.410,0.180,1.810,-9999999,-9999999,-9999999,-9999999,-9999999,-9999999,-9999999,-9999999,-9999999,-9999999,-9999999,-9999999,-9999999,-9999999,-9999999,-9999999,-9999999,-9999999,-9999999,-9999999,-9999999,-9999999,-9999999,-9999999,-9999999,-9999999,-9999999,-9999999,-9999999,-9999999,-9999999,-9999999,-9999999,-9999999,-9999999
SKQ202405S,CE07,"CE07SHSM-00018, CE05MOAS-GL384-00015",46.989,-124.556,2024-03-31T00:42:34.000Z,1,*0000000000000100,87,SKQ202405S_001.hex,*0000000000000100,9,*0000000000000100,2024-03-31T01:05:48.000Z,2.371,*0000000000000100,2.351,46.98906,-124.55594,10.8504,*0000000000000100,10.8513,*0000000000000100,3.538282,*0000000000000100,3.538486,*0000000000000100,31.4973,31.4986,6.8862,*0000000010000100,6.34007,0.3421,*0000000000000100,0.159,85.3048,*0000000000000100,8.292,*0000000000000100,7.028,*0000000000000100,*0000000000001000,1.930,0.280,1.800,-9999999,-9999999,-9999999,-9999999,-9999999,-9999999,-9999999,-9999999,-9999999,-9999999,-9999999,-9999999,-9999999,-9999999,-9999999,-9999999,-9999999,-9999999,-9999999,-9999999,-9999999,-9999999,-9999999,-9999999,-9999999,-9999999,-9999999,-9999999,-9999999,-9999999,-9999999,-9999999,-9999999,-9999999,-9999999
SKQ202405S,CE09,"CE09OSSM-00018, CE09OSPM-00020, CE09OSSM-00017, CE09OSPM-00019",46.86333,-124.96617,2024-04-01T03:18:33.000Z,2,*0000000000000100,670,SKQ202405S_002.hex,*0000000000000100,1,*0000000000000100,2024-04-01T03:33:50.000Z,604.613,*0000000000000100,598.728,46.86326,-124.96622,4.4322,*0000000000000100,4.4345,*0000000000000100,3.256788,*0000000000000100,3.257097,*0000000000000100,34.2416,34.243,0.3313,*0000000010000100,7.20636,0.002,*0000000000000100,0.024,97.6299,*0000000000000100,6.868,*0000000000000100,0.307,*0000000000000100,*0000000000001000,0.000,0.010,1.110,-9999999,-9999999,-9999999,-9999999,-9999999,-9999999,-9999999,-9999999,-9999999,-9999999,-9999999,-9999999,-9999999,-9999999,-9999999,-9999999,-9999999,-9999999,-9999999,-9999999,-9999999,-9999999,-9999999,-9999999,-9999999,-9999999,-9999999,-9999999,-9999999,-9999999,-9999999,-9999999,-9999999,-9999999,-9999999
SKQ202405S,CE09,"CE09OSSM-00018, CE09OSPM-00020, CE09OSSM-00017, CE09OSPM-00019",46.86333,-124.96617,2024-04-01T03:18:33.000Z,2,*0000000000000100,670,SKQ202405S_002.hex,*0000000000000100,1,*0000000000000100,2024-04-01T03:33:50.000Z,604.613,*0000000000000100,598.728,46.86326,-124.96622,4.4322,*0000000000000100,4.4345,*0000000000000100,3.256788,*0000000000000100,3.257097,*0000000000000100,34.2416,34.243,0.3313,*0000000010000100,7.20636,0.002,*0000000000000100,0.024,97.6299,*0000000000000100,6.868,*0000000000000100,0.350,*0000000000000100,*0000000000001000,0.000,0.010,1.070,-9999999,-9999999,-9999999,-9999999,-9999999,-9999999,-9999999,-9999999,-9999999,-9999999,-9999999,-9999999,-9999999,-9999999,-9999999,-9999999,-9999999,-9999999,-9999999,-9999999,-9999999,-9999999,-9999999,-9999999,-9999999,-9999999,-9999999,-9999999,-9999999,-9999999,-9999999,-9999999,-9999999,-9999999,-9999999
SKQ202405S,CE09,"CE09OSSM-00018, CE09OSPM-00020, CE09OSSM-00017, CE09OSPM-00019",46.86333,-124.96617,2024-04-01T03:18:33.000Z,2,*0000000000000100,670,SKQ202405S_002.hex,*0000000000000100,3,*0000000000000100,2024-04-01T03:39:26.000Z,502.89,*0000000000000100,498.117,46.86328,-124.96624,4.8773,*0000000000000100,4.8834,*0000000000000100,3.284001,*0000000000000100,3.284607,*0000000000000100,34.1523,34.1531,0.5223,*0000000010000100,7.13427,0.0009,*0000000000000100,0.0219,97.8353,*0000000000000100,6.888,*0000000000000100,0.504,*0000000000000100,*0000000000001000,0.000,0.020,1.120,-9999999,-9999999,-9999999,-9999999,-9999999,-9999999,-9999999,-9999999,-9999999,-9999999,-9999999,-9999999,-9999999,-9999999,-9999999,-9999999,-9999999,-9999999,-9999999,-9999999,-9999999,-9999999,-9999999,-9999999,-9999999,-9999999,-9999999,-9999999,-9999999,-9999999,-9999999,-9999999,-9999999,-9999999,-9999999
SKQ202405S,CE09,"CE09OSSM-00018, CE09OSPM-00020, CE09OSSM-00017, CE09OSPM-00019",46.86333,-124.96617,2024-04-01T03:18:33.000Z,2,*0000000000000100,670,SKQ202405S_002.hex,*0000000000000100,3,*0000000000000100,2024-04-01T03:39:26.000Z,502.89,*0000000000000100,498.117,46.86328,-124.96624,4.8773,*0000000000000100,4.8834,*0000000000000100,3.284001,*0000000000000100,3.284607,*0000000000000100,34.1523,34.1531,0.5223,*0000000010000100,7.13427,0.0009,*0000000000000100,0.0219,97.8353,*0000000000000100,6.888,*0000000000000100,0.505,*0000000000000100,*0000000000001000,0.000,0.020,1.090,-9999999,-9999999,-9999999,-9999999,-9999999,-9999999,-9999999,-9999999,-9999999,-9999999,-9999999,-9999999,-9999999,-9999999,-9999999,-9999999,-9999999,-9999999,-9999999,-9999999,-9999999,-9999999,-9999999,-9999999,-9999999,-9999999,-9999999,-9999999,-9999999,-9999999,-9999999,-9999999,-9999999,-9999999,-9999999
SKQ202405S,CE09,"CE09OSSM-00018, CE09OSPM-00020, CE09OSSM-00017, CE09OSPM-00019",46.86333,-124.96617,2024-04-01T03:18:33.000Z,2,*0000000000000100,670,SKQ202405S_002.hex,*0000000000000100,5,*0000000000000100,2024-04-01T03:50:19.000Z,37.967,*0000000000000100,37.649,46.86326,-124.96624,10.2988,*0000000000000100,10.3046,*0000000000000100,3.565969,*0000000000000100,3.566634,*0000000000000100,32.2402,32.2417,6.2867,*0000000010000100,6.38582,0.114,*0000000000000100,0.0362,96.4484,*0000000000000100,6.938,*0000000000000100,6.427,*0000000000000100,*0000000000001000,0.330,0.170,1.600,-9999999,-9999999,-9999999,-9999999,-9999999,-9999999,-9999999,-9999999,-9999999,-9999999,-9999999,-9999999,-9999999,-9999999,-9999999,-9999999,-9999999,-9999999,-9999999,-9999999,-9999999,-9999999,-9999999,-9999999,-9999999,-9999999,-9999999,-9999999,-9999999,-9999999,-9999999,-9999999,-9999999,-9999999,-9999999
SKQ202405S,CE09,"CE09OSSM-00018, CE09OSPM-00020, CE09OSSM-00017, CE09OSPM-00019",46.86333,-124.96617,2024-04-01T03:18:33.000Z,2,*0000000000000100,670,SKQ202405S_002.hex,*0000000000000100,5,*0000000000000100,2024-04-01T03:50:19.000Z,37.967,*0000000000000100,37.649,46.86326,-124.96624,10.2988,*0000000000000100,10.3046,*0000000000000100,3.565969,*0000000000000100,3.566634,*0000000000000100,32.2402,32.2417,6.2867,*0000000010000100,6.38582,0.114,*0000000000000100,0.0362,96.4484,*0000000000000100,6.938,*0000000000000100,6.439,*0000000000000100,*0000000000001000,0.290,0.180,1.570,-9999999,-9999999,-9999999,-9999999,-9999999,-9999999,-9999999,-9999999,-9999999,-9999999,-9999999,-9999999,-9999999,-9999999,-9999999,-9999999,-9999999,-9999999,-9999999,-9999999,-9999999,-9999999,-9999999,-9999999,-9999999,-9999999,-9999999,-9999999,-9999999,-9999999,-9999999,-9999999,-9999999,-9999999,-9999999
SKQ202405S,CE09,"CE09OSSM-00018, CE09OSPM-00020, CE09OSSM-00017, CE09OSPM-00019",46.86333,-124.96617,2024-04-01T03:18:33.000Z,2,*0000000000000100,670,SKQ202405S_002.hex,*0000000000000100,7,*0000000000000100,2024-04-01T03:54:04.000Z,6.036,*0000000000000100,5.986,46.86326,-124.96624,10.8398,*0000000000000100,10.8405,*0000000000000100,3.581703,*0000000000000100,3.581961,*0000000000000100,31.9347,31.9366,6.4596,*0000000010000100,6.32389,0.1134,*0000000000000100,0.0589,94.2799,*0000000000000100,6.937,*0000000000000100,6.608,*0000000000000100,*0000000000001000,0.320,0.140,1.640,-9999999,-9999999,-9999999,-9999999,-9999999,-9999999,-9999999,-9999999,-9999999,-9999999,-9999999,-9999999,-9999999,-9999999,-9999999,-9999999,-9999999,-9999999,-9999999,-9999999,-9999999,-9999999,-9999999,-9999999,-9999999,-9999999,-9999999,-9999999,-9999999,-9999999,-9999999,-9999999,-9999999,-9999999,-9999999
SKQ202405S,CE09,"CE09OSSM-00018, CE09OSPM-00020, CE09OSSM-00017, CE09OSPM-00019",46.86333,-124.96617,2024-04-01T03:18:33.000Z,2,*0000000000000100,670,SKQ202405S_002.hex,*0000000000000100,7,*0000000000000100,2024-04-01T03:54:04.000Z,6.036,*0000000000000100,5.986,46.86326,-124.96624,10.8398,*0000000000000100,10.8405,*0000000000000100,3.581703,*0000000000000100,3.581961,*0000000000000100,31.9347,31.9366,6.4596,*0000000010000100,6.32389,0.1134,*0000000000000100,0.0589,94.2799,*0000000000000100,6.937,*0000000000000100,6.608,*0000000000000100,*0000000000001000,0.430,0.130,1.700,-9999999,-9999999,-9999999,-9999999,-9999999,-9999999,-9999999,-9999999,-9999999,-9999999,-9999999,-9999999,-9999999,-9999999,-9999999,-9999999,-9999999,-9999999,-9999999,-9999999,-9999999,-9999999,-9999999,-9999999,-9999999,-9999999,-9999999,-9999999,-9999999,-9999999,-9999999,-9999999,-9999999,-9999999,-9999999
SKQ202405S,CE09,"CE09OSSM-00018, CE09OSPM-00020, CE09OSSM-00017, CE09OSPM-00019",46.86333,-124.96617,2024-04-01T03:18:33.000Z,2,*0000000000000100,670,SKQ202405S_002.hex,*0000000000000100,9,*0000000000000100,2024-04-01T03:56:00.000Z,3.562,*0000000000000100,3.532,46.86326,-124.96624,10.8389,*0000000000000100,10.8383,*0000000000000100,3.581574,*0000000000000100,3.581721,*0000000000000100,31.9352,31.9372,6.4615,*0000000010000100,6.32399,0.1137,*0000000000000100,0.059,94.2709,*0000000000000100,6.933,*0000000000000100,6.604,*0000000000000100,*0000000000001000,0.380,0.130,1.680,-9999999,-9999999,-9999999,-9999999,-9999999,-9999999,-9999999,-9999999,-9999999,-9999999,-9999999,-9999999,-9999999,-9999999,-9999999,-9999999,-9999999,-9999999,-9999999,-9999999,-9999999,-9999999,-9999999,-9999999,-9999999,-9999999,-9999999,-9999999,-9999999,-9999999,-9999999,-9999999,-9999999,-9999999,-9999999
SKQ202405S,CE09,"CE09OSSM-00018, CE09OSPM-00020, CE09OSSM-00017, CE09OSPM-00019",46.86333,-124.96617,2024-04-01T03:18:33.000Z,2,*0000000000000100,670,SKQ202405S_002.hex,*0000000000000100,9,*0000000000000100,2024-04-01T03:56:00.000Z,3.562,*0000000000000100,3.532,46.86326,-124.96624,10.8389,*0000000000000100,10.8383,*0000000000000100,3.581574,*0000000000000100,3.581721,*0000000000000100,31.9352,31.9372,6.4615,*0000000010000100,6.32399,0.1137,*0000000000000100,0.059,94.2709,*0000000000000100,6.933,*0000000000000100,6.581,*0000000000000100,*0000000000001000,0.430,0.130,1.700,-9999999,-9999999,-9999999,-9999999,-9999999,-9999999,-9999999,-9999999,-9999999,-9999999,-9999999,-9999999,-9999999,-9999999,-9999999,-9999999,-9999999,-9999999,-9999999,-9999999,-9999999,-9999999,-9999999,-9999999,-9999999,-9999999,-9999999,-9999999,-9999999,-9999999,-9999999,-9999999,-9999999,-9999999,-9999999
SKQ202405S,CE06,CE06ISSM-00018,47.13283,-124.271,2024-04-01T14:06:46.000Z,3,*0000000001000001,30,SKQ202405S_003.hex,*0000000000000100,1,*0000000000000100,2024-04-01T14:14:23.000Z,23.622,*0000000000000100,23.424,47.13284,-124.27096,10.6471,*0000000000000100,10.6481,*0000000000000100,3.523397,*0000000000000100,3.523262,*0000000000000100,31.5161,31.5139,5.5137,*0000000010000100,6.36718,0.1264,*0000000000000100,0.1632,84.9469,*0000000000000100,3.811,*0000000000010001,5.694,*0000000000000100,*0000000000001000,1.000,0.440,1.640,-9999999,-9999999,-9999999,-9999999,-9999999,-9999999,-9999999,-9999999,-9999999,-9999999,-9999999,-9999999,-9999999,-9999999,-9999999,-9999999,-9999999,-9999999,-9999999,-9999999,-9999999,-9999999,-9999999,-9999999,-9999999,-9999999,-9999999,-9999999,-9999999,-9999999,-9999999,-9999999,-9999999,-9999999,-9999999
SKQ202405S,CE06,CE06ISSM-00018,47.13283,-124.271,2024-04-01T14:06:46.000Z,3,*0000000001000001,30,SKQ202405S_003.hex,*0000000000000100,1,*0000000000000100,2024-04-01T14:14:23.000Z,23.622,*0000000000000100,23.424,47.13284,-124.27096,10.6471,*0000000000000100,10.6481,*0000000000000100,3.523397,*0000000000000100,3.523262,*0000000000000100,31.5161,31.5139,5.5137,*0000000010000100,6.36718,0.1264,*0000000000000100,0.1632,84.9469,*0000000000000100,3.811,*0000000000010001,5.602,*0000000000000100,*0000000000001000,1.000,0.460,1.630,-9999999,-9999999,-9999999,-9999999,-9999999,-9999999,-9999999,-9999999,-9999999,-9999999,-9999999,-9999999,-9999999,-9999999,-9999999,-9999999,-9999999,-9999999,-9999999,-9999999,-9999999,-9999999,-9999999,-9999999,-9999999,-9999999,-9999999,-9999999,-9999999,-9999999,-9999999,-9999999,-9999999,-9999999,-9999999
SKQ202405S,CE06,CE06ISSM-00018,47.13283,-124.271,2024-04-01T14:06:46.000Z,3,*0000000001000001,30,SKQ202405S_003.hex,*0000000000000100,3,*0000000000000100,2024-04-01T14:18:03.000Z,6.328,*0000000000000100,6.275,47.13284,-124.27095,10.7879,*0000000000000100,10.7812,*0000000000000100,3.182357,*0000000000000100,3.181194,*0000000000000100,28.0524,28.0462,6.7118,*0000000010000100,6.48934,0.4084,*0000000000000100,0.3057,73.6647,*0000000000000100,3.815,*0000000000010001,6.869,*0000000000000100,*0000000000001000,2.090,0.500,1.740,-9999999,-9999999,-9999999,-9999999,-9999999,-9999999,-9999999,-9999999,-9999999,-9999999,-9999999,-9999999,-9999999,-9999999,-9999999,-9999999,-9999999,-9999999,-9999999,-9999999,-9999999,-9999999,-9999999,-9999999,-9999999,-9999999,-9999999,-9999999,-9999999,-9999999,-9999999,-9999999,-9999999,-9999999,-9999999
SKQ202405S,CE06,CE06ISSM-00018,47.13283,-124.271,2024-04-01T14:06:46.000Z,3,*0000000001000001,30,SKQ202405S_003.hex,*0000000000000100,3,*0000000000000100,2024-04-01T14:18:03.000Z,6.328,*0000000000000100,6.275,47.13284,-124.27095,10.7879,*0000000000000100,10.7812,*0000000000000100,3.182357,*0000000000000100,3.181194,*0000000000000100,28.0524,28.0462,6.7118,*0000000010000100,6.48934,0.4084,*0000000000000100,0.3057,73.6647,*0000000000000100,3.815,*0000000000010001,6.824,*0000000000000100,*0000000000001000,1.990,0.620,1.700,-9999999,-9999999,-9999999,-9999999,-9999999,-9999999,-9999999,-9999999,-9999999,-9999999,-9999999,-9999999,-9999999,-9999999,-9999999,-9999999,-9999999,-9999999,-9999999,-9999999,-9999999,-9999999,-9999999,-9999999,-9999999,-9999999,-9999999,-9999999,-9999999,-9999999,-9999999,-9999999,-9999999,-9999999,-9999999
SKQ202405S,CE06,CE06ISSM-00018,47.13283,-124.271,2024-04-01T14:06:46.000Z,3,*0000000001000001,30,SKQ202405S_003.hex,*0000000000000100,5,*0000000000000100,2024-04-01T14:21:45.000Z,1.981,*0000000000000100,1.965,47.13284,-124.27096,10.728,*0000000000000100,10.7286,*0000000000000100,3.168335,*0000000000000100,3.168495,*0000000000000100,27.9631,27.9642,6.6929,*0000000010000100,6.5015,0.3177,*0000000000000100,0.3217,72.4917,*0000000000000100,3.814,*0000000000010001,6.817,*0000000000000100,*0000000000001000,2.110,0.530,1.730,-9999999,-9999999,-9999999,-9999999,-9999999,-9999999,-9999999,-9999999,-9999999,-9999999,-9999999,-9999999,-9999999,-9999999,-9999999,-9999999,-9999999,-9999999,-9999999,-9999999,-9999999,-9999999,-9999999,-9999999,-9999999,-9999999,-9999999,-9999999,-9999999,-9999999,-9999999,-9999999,-9999999,-9999999,-9999999
SKQ202405S,CE06,CE06ISSM-00018,47.13283,-124.271,2024-04-01T14:06:46.000Z,3,*0000000001000001,30,SKQ202405S_003.hex,*0000000000000100,5,*0000000000000100,2024-04-01T14:21:45.000Z,1.981,*0000000000000100,1.965,47.13284,-124.27096,10.728,*0000000000000100,10.7286,*0000000000000100,3.168335,*0000000000000100,3.168495,*0000000000000100,27.9631,27.9642,6.6929,*0000000010000100,6.5015,0.3177,*0000000000000100,0.3217,72.4917,*0000000000000100,3.814,*0000000000010001,6.811,*0000000000000100,*0000000000001000,2.240,0.410,1.780,-9999999,-9999999,-9999999,-9999999,-9999999,-9999999,-9999999,-9999999,-9999999,-9999999,-9999999,-9999999,-9999999,-9999999,-9999999,-9999999,-9999999,-9999999,-9999999,-9999999,-9999999,-9999999,-9999999,-9999999,-9999999,-9999999,-9999999,-9999999,-9999999,-9999999,-9999999,-9999999,-9999999,-9999999,-9999999
SKQ202405S,CE07,CE07SHSP-D00015,46.984,-124.5545,2024-04-02T22:00:47.000Z,4,*0000000000000100,86,SKQ202405S_004.hex,*0000000000000100,1,*0000000000000100,2024-04-02T22:10:12.000Z,80.63,*0000000000000100,79.945,46.98396,-124.55452,9.6362,*0000000000000100,9.6523,*0000000000000100,3.561582,*0000000000000100,3.561664,*0000000000000100,32.7733,32.7594,4.6139,*0000000010000100,6.45672,0.0206,*0000000000000100,0.1799,83.5372,*0000000000000100,7.908,*0000000000000100,4.869,*0000000000000100,*0000000000001000,0.120,0.230,1.310,-9999999,-9999999,-9999999,-9999999,-9999999,-9999999,-9999999,-9999999,-9999999,-9999999,-9999999,-9999999,-9999999,-9999999,-9999999,-9999999,-9999999,-9999999,-9999999,-9999999,-9999999,-9999999,-9999999,-9999999,-9999999,-9999999,-9999999,-9999999,-9999999,-9999999,-9999999,-9999999,-9999999,-9999999,-9999999
SKQ202405S,CE07,CE07SHSP-D00015,46.984,-124.5545,2024-04-02T22:00:47.000Z,4,*0000000000000100,86,SKQ202405S_004.hex,*0000000000000100,1,*0000000000000100,2024-04-02T22:10:12.000Z,80.63,*0000000000000100,79.945,46.98396,-124.55452,9.6362,*0000000000000100,9.6523,*0000000000000100,3.561582,*0000000000000100,3.561664,*0000000000000100,32.7733,32.7594,4.6139,*0000000010000100,6.45672,0.0206,*0000000000000100,0.1799,83.5372,*0000000000000100,7.908,*0000000000000100,4.905,*0000000000000100,*0000000000001000,0.150,0.270,1.340,-9999999,-9999999,-9999999,-9999999,-9999999,-9999999,-9999999,-9999999,-9999999,-9999999,-9999999,-9999999,-9999999,-9999999,-9999999,-9999999,-9999999,-9999999,-9999999,-9999999,-9999999,-9999999,-9999999,-9999999,-9999999,-9999999,-9999999,-9999999,-9999999,-9999999,-9999999,-9999999,-9999999,-9999999,-9999999
SKQ202405S,CE07,CE07SHSP-D00015,46.984,-124.5545,2024-04-02T22:00:47.000Z,4,*0000000000000100,86,SKQ202405S_004.hex,*0000000000000100,3,*0000000000000100,2024-04-02T22:15:28.000Z,23.578,*0000000000000100,23.381,46.98394,-124.55452,10.5463,*0000000000000100,10.5468,*0000000000000100,3.569085,*0000000000000100,3.569266,*0000000000000100,32.0588,32.0601,6.184,*0000000000000100,6.35902,0.855,*0000000000000100,0.1182,88.8554,*0000000000000100,8.085,*0000000000000100,-9999999,-9999999,-9999999,2.090,0.550,1.730,-9999999,-9999999,-9999999,-9999999,-9999999,-9999999,-9999999,-9999999,-9999999,-9999999,-9999999,-9999999,-9999999,-9999999,-9999999,-9999999,-9999999,-9999999,-9999999,-9999999,-9999999,-9999999,-9999999,-9999999,-9999999,-9999999,-9999999,-9999999,-9999999,-9999999,-9999999,-9999999,-9999999,-9999999,-9999999
SKQ202405S,CE07,CE07SHSP-D00015,46.984,-124.5545,2024-04-02T22:00:47.000Z,4,*0000000000000100,86,SKQ202405S_004.hex,*0000000000000100,3,*0000000000000100,2024-04-02T22:15:28.000Z,23.578,*0000000000000100,23.381,46.98394,-124.55452,10.5463,*0000000000000100,10.5468,*0000000000000100,3.569085,*0000000000000100,3.569266,*0000000000000100,32.0588,32.0601,6.184,*0000000000000100,6.35902,0.855,*0000000000000100,0.1182,88.8554,*0000000000000100,8.085,*0000000000000100,-9999999,-9999999,-9999999,2.070,0.520,1.740,-9999999,-9999999,-9999999,-9999999,-9999999,-9999999,-9999999,-9999999,-9999999,-9999999,-9999999,-9999999,-9999999,-9999999,-9999999,-9999999,-9999999,-9999999,-9999999,-9999999,-9999999,-9999999,-9999999,-9999999,-9999999,-9999999,-9999999,-9999999,-9999999,-9999999,-9999999,-9999999,-9999999,-9999999,-9999999
SKQ202405S,CE07,CE07SHSP-D00015,46.984,-124.5545,2024-04-02T22:00:47.000Z,4,*0000000000000100,86,SKQ202405S_004.hex,*0000000000000100,5,*0000000000000100,2024-04-02T22:18:58.000Z,6.387,*0000000000000100,6.334,46.98396,-124.55452,10.7775,*0000000000000100,10.778,*0000000000000100,3.554257,*0000000000000100,3.552868,*0000000000000100,31.7167,31.7025,6.7117,*0000000010000100,6.34117,0.2581,*0000000000000100,0.0968,90.7744,*0000000000000100,8.145,*0000000000000100,6.869,*0000000000000100,*0000000000001000,0.800,0.220,1.720,-9999999,-9999999,-9999999,-9999999,-9999999,-9999999,-9999999,-9999999,-9999999,-9999999,-9999999,-9999999,-9999999,-9999999,-9999999,-9999999,-9999999,-9999999,-9999999,-9999999,-9999999,-9999999,-9999999,-9999999,-9999999,-9999999,-9999999,-9999999,-9999999,-9999999,-9999999,-9999999,-9999999,-9999999,-9999999
SKQ202405S,CE07,CE07SHSP-D00015,46.984,-124.5545,2024-04-02T22:00:47.000Z,4,*0000000000000100,86,SKQ202405S_004.hex,*0000000000000100,5,*0000000000000100,2024-04-02T22:18:58.000Z,6.387,*0000000000000100,6.334,46.98396,-124.55452,10.7775,*0000000000000100,10.778,*0000000000000100,3.554257,*0000000000000100,3.552868,*0000000000000100,31.7167,31.7025,6.7117,*0000000010000100,6.34117,0.2581,*0000000000000100,0.0968,90.7744,*0000000000000100,8.145,*0000000000000100,6.885,*0000000000000100,*0000000000001000,0.980,0.180,1.780,-9999999,-9999999,-9999999,-9999999,-9999999,-9999999,-9999999,-9999999,-9999999,-9999999,-9999999,-9999999,-9999999,-9999999,-9999999,-9999999,-9999999,-9999999,-9999999,-9999999,-9999999,-9999999,-9999999,-9999999,-9999999,-9999999,-9999999,-9999999,-9999999,-9999999,-9999999,-9999999,-9999999,-9999999,-9999999
SKQ202405S,CE07,CE07SHSP-D00015,46.984,-124.5545,2024-04-02T22:00:47.000Z,4,*0000000000000100,86,SKQ202405S_004.hex,*0000000000000100,7,*0000000000000100,2024-04-02T22:22:00.000Z,2.639,*0000000000000100,2.617,46.98396,-124.55452,11.629,*0000000000000100,11.63,*0000000000000100,3.333456,*0000000000000100,3.333574,*0000000000000100,28.8657,28.866,6.9827,*0000000010000100,6.33994,0.1811,*0000000000000100,0.13,87.8083,*0000000000000100,8.273,*0000000000000100,7.156,*0000000000000100,*0000000000001000,0.650,0.080,1.820,-9999999,-9999999,-9999999,-9999999,-9999999,-9999999,-9999999,-9999999,-9999999,-9999999,-9999999,-9999999,-9999999,-9999999,-9999999,-9999999,-9999999,-9999999,-9999999,-9999999,-9999999,-9999999,-9999999,-9999999,-9999999,-9999999,-9999999,-9999999,-9999999,-9999999,-9999999,-9999999,-9999999,-9999999,-9999999
SKQ202405S,CE07,CE07SHSP-D00015,46.984,-124.5545,2024-04-02T22:00:47.000Z,4,*0000000000000100,86,SKQ202405S_004.hex,*0000000000000100,7,*0000000000000100,2024-04-02T22:22:00.000Z,2.639,*0000000000000100,2.617,46.98396,-124.55452,11.629,*0000000000000100,11.63,*0000000000000100,3.333456,*0000000000000100,3.333574,*0000000000000100,28.8657,28.866,6.9827,*0000000010000100,6.33994,0.1811,*0000000000000100,0.13,87.8083,*0000000000000100,8.273,*0000000000000100,7.158,*0000000000000100,*0000000000001000,0.570,0.130,1.740,-9999999,-9999999,-9999999,-9999999,-9999999,-9999999,-9999999,-9999999,-9999999,-9999999,-9999999,-9999999,-9999999,-9999999,-9999999,-9999999,-9999999,-9999999,-9999999,-9999999,-9999999,-9999999,-9999999,-9999999,-9999999,-9999999,-9999999,-9999999,-9999999,-9999999,-9999999,-9999999,-9999999,-9999999,-9999999
SKQ202405S,CE06,CE06ISSM-00019,47.135,-124.27133,2024-04-03T04:36:44.000Z,5,*0000000000000100,30,SKQ202405S_005.hex,*0000000000000100,1,*0000000000000100,2024-04-03T04:42:24.000Z,24.436,*0000000000000100,24.231,47.13492,-124.27126,10.6464,*0000000000000100,10.6477,*0000000000000100,3.526768,*0000000000000100,3.527131,*0000000000000100,31.5499,31.5523,5.1819,*0000000010000100,6.36591,0.1455,*0000000000000100,0.2349,79.0653,*0000000000000100,7.998,*0000000000000100,5.470,*0000000000000100,*0000000000001000,1.160,0.520,1.630,-9999999,-9999999,-9999999,-9999999,-9999999,-9999999,-9999999,-9999999,-9999999,-9999999,-9999999,-9999999,-9999999,-9999999,-9999999,-9999999,-9999999,-9999999,-9999999,-9999999,-9999999,-9999999,-9999999,-9999999,-9999999,-9999999,-9999999,-9999999,-9999999,-9999999,-9999999,-9999999,-9999999,-9999999,-9999999
SKQ202405S,CE06,CE06ISSM-00019,47.135,-124.27133,2024-04-03T04:36:44.000Z,5,*0000000000000100,30,SKQ202405S_005.hex,*0000000000000100,1,*0000000000000100,2024-04-03T04:42:24.000Z,24.436,*0000000000000100,24.231,47.13492,-124.27126,10.6464,*0000000000000100,10.6477,*0000000000000100,3.526768,*0000000000000100,3.527131,*0000000000000100,31.5499,31.5523,5.1819,*0000000010000100,6.36591,0.1455,*0000000000000100,0.2349,79.0653,*0000000000000100,7.998,*0000000000000100,5.473,*0000000000000100,*0000000000001000,1.130,0.560,1.610,-9999999,-9999999,-9999999,-9999999,-9999999,-9999999,-9999999,-9999999,-9999999,-9999999,-9999999,-9999999,-9999999,-9999999,-9999999,-9999999,-9999999,-9999999,-9999999,-9999999,-9999999,-9999999,-9999999,-9999999,-9999999,-9999999,-9999999,-9999999,-9999999,-9999999,-9999999,-9999999,-9999999,-9999999,-9999999
SKQ202405S,CE06,CE06ISSM-00019,47.135,-124.27133,2024-04-03T04:36:44.000Z,5,*0000000000000100,30,SKQ202405S_005.hex,*0000000000000100,3,*0000000000000100,2024-04-03T04:45:52.000Z,7.923,*0000000000000100,7.857,47.13492,-124.27128,11.2013,*0000000000000100,11.203,*0000000000000100,3.197696,*0000000000000100,3.197865,*0000000000000100,27.886,27.8864,7.3291,*0000000010000100,6.43827,0.223,*0000000000000100,0.1328,87.5652,*0000000000000100,8.308,*0000000000000100,7.457,*0000000000000100,*0000000000001000,0.740,0.120,1.790,-9999999,-9999999,-9999999,-9999999,-9999999,-9999999,-9999999,-9999999,-9999999,-9999999,-9999999,-9999999,-9999999,-9999999,-9999999,-9999999,-9999999,-9999999,-9999999,-9999999,-9999999,-9999999,-9999999,-9999999,-9999999,-9999999,-9999999,-9999999,-9999999,-9999999,-9999999,-9999999,-9999999,-9999999,-9999999
SKQ202405S,CE06,CE06ISSM-00019,47.135,-124.27133,2024-04-03T04:36:44.000Z,5,*0000000000000100,30,SKQ202405S_005.hex,*0000000000000100,3,*0000000000000100,2024-04-03T04:45:52.000Z,7.923,*0000000000000100,7.857,47.13492,-124.27128,11.2013,*0000000000000100,11.203,*0000000000000100,3.197696,*0000000000000100,3.197865,*0000000000000100,27.886,27.8864,7.3291,*0000000010000100,6.43827,0.223,*0000000000000100,0.1328,87.5652,*0000000000000100,8.308,*0000000000000100,7.494,*0000000000000100,*0000000000001000,0.700,0.170,1.740,-9999999,-9999999,-9999999,-9999999,-9999999,-9999999,-9999999,-9999999,-9999999,-9999999,-9999999,-9999999,-9999999,-9999999,-9999999,-9999999,-9999999,-9999999,-9999999,-9999999,-9999999,-9999999,-9999999,-9999999,-9999999,-9999999,-9999999,-9999999,-9999999,-9999999,-9999999,-9999999,-9999999,-9999999,-9999999
SKQ202405S,CE06,CE06ISSM-00019,47.135,-124.27133,2024-04-03T04:36:44.000Z,5,*0000000000000100,30,SKQ202405S_005.hex,*0000000000000100,5,*0000000000000100,2024-04-03T04:48:50.000Z,2.427,*0000000000000100,2.407,47.13492,-124.27126,11.205,*0000000000000100,11.2057,*0000000000000100,3.196459,*0000000000000100,3.196606,*0000000000000100,27.8734,27.8742,7.3282,*0000000010000100,6.43828,0.2176,*0000000000000100,0.1379,87.1159,*0000000000000100,8.31,*0000000000000100,7.510,*0000000000000100,*0000000000001000,0.970,0.210,1.750,-9999999,-9999999,-9999999,-9999999,-9999999,-9999999,-9999999,-9999999,-9999999,-9999999,-9999999,-9999999,-9999999,-9999999,-9999999,-9999999,-9999999,-9999999,-9999999,-9999999,-9999999,-9999999,-9999999,-9999999,-9999999,-9999999,-9999999,-9999999,-9999999,-9999999,-9999999,-9999999,-9999999,-9999999,-9999999
SKQ202405S,CE06,CE06ISSM-00019,47.135,-124.27133,2024-04-03T04:36:44.000Z,5,*0000000000000100,30,SKQ202405S_005.hex,*0000000000000100,5,*0000000000000100,2024-04-03T04:48:50.000Z,2.427,*0000000000000100,2.407,47.13492,-124.27126,11.205,*0000000000000100,11.2057,*0000000000000100,3.196459,*0000000000000100,3.196606,*0000000000000100,27.8734,27.8742,7.3282,*0000000010000100,6.43828,0.2176,*0000000000000100,0.1379,87.1159,*0000000000000100,8.31,*0000000000000100,7.529,*0000000000000100,*0000000000001000,0.840,0.060,1.860,-9999999,-9999999,-9999999,-9999999,-9999999,-9999999,-9999999,-9999999,-9999999,-9999999,-9999999,-9999999,-9999999,-9999999,-9999999,-9999999,-9999999,-9999999,-9999999,-9999999,-9999999,-9999999,-9999999,-9999999,-9999999,-9999999,-9999999,-9999999,-9999999,-9999999,-9999999,-9999999,-9999999,-9999999,-9999999
SKQ202405S,CE02,CE02SHSM-00018,44.63417,-124.30617,2024-04-07T23:17:16.000Z,6,*0000000000000100,81,SKQ202405S_006.hex,*0000000000000100,1,*0000000000000100,2024-04-07T23:26:14.000Z,73.895,*0000000000000100,73.284,44.6327,-124.30691,8.5951,*0000000000000100,8.5963,*0000000000000100,3.546856,*0000000000000100,3.547053,*0000000000000100,33.593,33.5939,2.9769,*0000000010000100,6.57226,0.0023,*0000000000000100,0.0802,92.2919,*0000000000000100,7.74,*0000000000000100,3.001,*0000000000000100,*0000000000001000,0.050,0.190,1.200,-9999999,-9999999,-9999999,-9999999,-9999999,-9999999,-9999999,-9999999,-9999999,-9999999,-9999999,-9999999,-9999999,-9999999,-9999999,-9999999,-9999999,-9999999,-9999999,-9999999,-9999999,-9999999,-9999999,-9999999,-9999999,-9999999,-9999999,-9999999,-9999999,-9999999,-9999999,-9999999,-9999999,-9999999,-9999999
SKQ202405S,CE02,CE02SHSM-00018,44.63417,-124.30617,2024-04-07T23:17:16.000Z,6,*0000000000000100,81,SKQ202405S_006.hex,*0000000000000100,1,*0000000000000100,2024-04-07T23:26:14.000Z,73.895,*0000000000000100,73.284,44.6327,-124.30691,8.5951,*0000000000000100,8.5963,*0000000000000100,3.546856,*0000000000000100,3.547053,*0000000000000100,33.593,33.5939,2.9769,*0000000010000100,6.57226,0.0023,*0000000000000100,0.0802,92.2919,*0000000000000100,7.74,*0000000000000100,2.993,*0000000000000100,*0000000000001000,0.090,0.190,1.280,-9999999,-9999999,-9999999,-9999999,-9999999,-9999999,-9999999,-9999999,-9999999,-9999999,-9999999,-9999999,-9999999,-9999999,-9999999,-9999999,-9999999,-9999999,-9999999,-9999999,-9999999,-9999999,-9999999,-9999999,-9999999,-9999999,-9999999,-9999999,-9999999,-9999999,-9999999,-9999999,-9999999,-9999999,-9999999
SKQ202405S,CE02,CE02SHSM-00018,44.63417,-124.30617,2024-04-07T23:17:16.000Z,6,*0000000000000100,81,SKQ202405S_006.hex,*0000000000000100,3,*0000000000000100,2024-04-07T23:30:17.000Z,25.768,*0000000000000100,25.559,44.63148,-124.30749,10.7157,*0000000000000100,10.7163,*0000000000000100,3.600611,*0000000000000100,3.600857,*0000000000000100,32.2229,32.2248,6.1291,*0000000000000100,6.3292,0.6155,*0000000000000100,0.104,90.1292,*0000000000000100,8.126,*0000000000000100,-9999999,-9999999,-9999999,2.450,0.470,1.770,-9999999,-9999999,-9999999,-9999999,-9999999,-9999999,-9999999,-9999999,-9999999,-9999999,-9999999,-9999999,-9999999,-9999999,-9999999,-9999999,-9999999,-9999999,-9999999,-9999999,-9999999,-9999999,-9999999,-9999999,-9999999,-9999999,-9999999,-9999999,-9999999,-9999999,-9999999,-9999999,-9999999,-9999999,-9999999
SKQ202405S,CE02,CE02SHSM-00018,44.63417,-124.30617,2024-04-07T23:17:16.000Z,6,*0000000000000100,81,SKQ202405S_006.hex,*0000000000000100,3,*0000000000000100,2024-04-07T23:30:17.000Z,25.768,*0000000000000100,25.559,44.63148,-124.30749,10.7157,*0000000000000100,10.7163,*0000000000000100,3.600611,*0000000000000100,3.600857,*0000000000000100,32.2229,32.2248,6.1291,*0000000000000100,6.3292,0.6155,*0000000000000100,0.104,90.1292,*0000000000000100,8.126,*0000000000000100,-9999999,-9999999,-9999999,2.200,0.640,1.710,-9999999,-9999999,-9999999,-9999999,-9999999,-9999999,-9999999,-9999999,-9999999,-9999999,-9999999,-9999999,-9999999,-9999999,-9999999,-9999999,-9999999,-9999999,-9999999,-9999999,-9999999,-9999999,-9999999,-9999999,-9999999,-9999999,-9999999,-9999999,-9999999,-9999999,-9999999,-9999999,-9999999,-9999999,-9999999
SKQ202405S,CE02,CE02SHSM-00018,44.63417,-124.30617,2024-04-07T23:17:16.000Z,6,*0000000000000100,81,SKQ202405S_006.hex,*0000000000000100,5,*0000000000000100,2024-04-07T23:33:20.000Z,7.934,*0000000000000100,7.869,44.63078,-124.30784,11.2116,*0000000000000100,11.2297,*0000000000000100,3.533215,*0000000000000100,3.533194,*0000000000000100,31.1373,31.1218,6.6217,*0000000010000100,6.30548,0.1526,*0000000000000100,0.1239,88.3505,*0000000000000100,8.209,*0000000000000100,6.738,*0000000000000100,*0000000000001000,0.570,0.090,1.800,-9999999,-9999999,-9999999,-9999999,-9999999,-9999999,-9999999,-9999999,-9999999,-9999999,-9999999,-9999999,-9999999,-9999999,-9999999,-9999999,-9999999,-9999999,-9999999,-9999999,-9999999,-9999999,-9999999,-9999999,-9999999,-9999999,-9999999,-9999999,-9999999,-9999999,-9999999,-9999999,-9999999,-9999999,-9999999
SKQ202405S,CE02,CE02SHSM-00018,44.63417,-124.30617,2024-04-07T23:17:16.000Z,6,*0000000000000100,81,SKQ202405S_006.hex,*0000000000000100,5,*0000000000000100,2024-04-07T23:33:20.000Z,7.934,*0000000000000100,7.869,44.63078,-124.30784,11.2116,*0000000000000100,11.2297,*0000000000000100,3.533215,*0000000000000100,3.533194,*0000000000000100,31.1373,31.1218,6.6217,*0000000010000100,6.30548,0.1526,*0000000000000100,0.1239,88.3505,*0000000000000100,8.209,*0000000000000100,6.711,*0000000000000100,*0000000000001000,0.670,0.090,1.810,-9999999,-9999999,-9999999,-9999999,-9999999,-9999999,-9999999,-9999999,-9999999,-9999999,-9999999,-9999999,-9999999,-9999999,-9999999,-9999999,-9999999,-9999999,-9999999,-9999999,-9999999,-9999999,-9999999,-9999999,-9999999,-9999999,-9999999,-9999999,-9999999,-9999999,-9999999,-9999999,-9999999,-9999999,-9999999
SKQ202405S,CE02,CE02SHSM-00018,44.63417,-124.30617,2024-04-07T23:17:16.000Z,6,*0000000000000100,81,SKQ202405S_006.hex,*0000000000000100,7,*0000000000000100,2024-04-07T23:36:19.000Z,1.684,*0000000000000100,1.671,44.6303,-124.30806,11.393,*0000000000000100,11.3944,*0000000000000100,3.535043,*0000000000000100,3.535332,*0000000000000100,31.005,31.0066,6.6212,*0000000010000100,6.28635,0.0895,*0000000000000100,0.1451,86.4936,*0000000000000100,8.241,*0000000000000100,6.793,*0000000000000100,*0000000000001000,0.620,0.040,1.870,-9999999,-9999999,-9999999,-9999999,-9999999,-9999999,-9999999,-9999999,-9999999,-9999999,-9999999,-9999999,-9999999,-9999999,-9999999,-9999999,-9999999,-9999999,-9999999,-9999999,-9999999,-9999999,-9999999,-9999999,-9999999,-9999999,-9999999,-9999999,-9999999,-9999999,-9999999,-9999999,-9999999,-9999999,-9999999
SKQ202405S,CE02,CE02SHSM-00018,44.63417,-124.30617,2024-04-07T23:17:16.000Z,6,*0000000000000100,81,SKQ202405S_006.hex,*0000000000000100,7,*0000000000000100,2024-04-07T23:36:19.000Z,1.684,*0000000000000100,1.671,44.6303,-124.30806,11.393,*0000000000000100,11.3944,*0000000000000100,3.535043,*0000000000000100,3.535332,*0000000000000100,31.005,31.0066,6.6212,*0000000010000100,6.28635,0.0895,*0000000000000100,0.1451,86.4936,*0000000000000100,8.241,*0000000000000100,6.739,*0000000000000100,*0000000000001000,0.620,0.030,1.880,-9999999,-9999999,-9999999,-9999999,-9999999,-9999999,-9999999,-9999999,-9999999,-9999999,-9999999,-9999999,-9999999,-9999999,-9999999,-9999999,-9999999,-9999999,-9999999,-9999999,-9999999,-9999999,-9999999,-9999999,-9999999,-9999999,-9999999,-9999999,-9999999,-9999999,-9999999,-9999999,-9999999,-9999999,-9999999
SKQ202405S,Slope Base,"RS01SBPS,RS01SBPD",44.53717,-125.48817,2024-04-09T02:26:12.000Z,8,*0000000000000100,2895,SKQ202405S_008.hex,*0000000000000100,7,*0000000000000100,2024-04-09T04:20:07.000Z,201.748,*0000000000000100,200.021,44.53716,-125.48825,7.543,*0000000000000100,7.5461,*0000000000000100,3.486319,*0000000000000100,3.486715,*0000000000000100,33.8997,33.9009,2.7435,*0000000010000100,6.71633,-0.0008,*0000000000000100,0.0187,98.1465,*0000000000000100,-9999999,*0000000000100001,2.783,*0000000000000100,*0000000000001000,0.020,0.030,1.290,-9999999,-9999999,-9999999,-9999999,-9999999,-9999999,-9999999,-9999999,-9999999,-9999999,-9999999,-9999999,-9999999,-9999999,-9999999,-9999999,-9999999,-9999999,-9999999,-9999999,-9999999,-9999999,-9999999,-9999999,-9999999,-9999999,-9999999,-9999999,-9999999,-9999999,-9999999,-9999999,-9999999,-9999999,-9999999
SKQ202405S,Slope Base,"RS01SBPS,RS01SBPD",44.53717,-125.48817,2024-04-09T02:26:12.000Z,8,*0000000000000100,2895,SKQ202405S_008.hex,*0000000000000100,9,*0000000000000100,2024-04-09T04:23:22.000Z,152.3,*0000000000000100,151.014,44.53716,-125.48822,8.2678,*0000000000000100,8.2704,*0000000000000100,3.538356,*0000000000000100,3.538762,*0000000000000100,33.7793,33.7811,3.123,*0000000010000100,6.61254,-0.0015,*0000000000000100,0.0208,97.9394,*0000000000000100,-9999999,*0000000000100001,3.166,*0000000000000100,*0000000000001000,-9999999,-9999999,-9999999,-9999999,-9999999,-9999999,-9999999,-9999999,-9999999,-9999999,-9999999,-9999999,-9999999,-9999999,-9999999,-9999999,-9999999,-9999999,-9999999,-9999999,-9999999,-9999999,-9999999,-9999999,-9999999,-9999999,-9999999,-9999999,-9999999,-9999999,-9999999,-9999999,-9999999,-9999999,-9999999,-9999999,-9999999,-9999999
SKQ202405S,Slope Base,"RS01SBPS,RS01SBPD",44.53717,-125.48817,2024-04-09T02:26:12.000Z,8,*0000000000000100,2895,SKQ202405S_008.hex,*0000000000000100,11,*0000000000000100,2024-04-09T04:26:31.000Z,100.393,*0000000000000100,99.558,44.53714,-125.48824,8.7167,*0000000000000100,8.7205,*0000000000000100,3.503617,*0000000000000100,3.504309,*0000000000000100,33.0122,33.0159,4.7167,*0000000010000100,6.57918,0.0024,*0000000000000100,0.0216,97.8635,*0000000000000100,-9999999,*0000000000100001,4.828,*0000000000000100,*0000000000001000,0.040,0.080,1.280,-9999999,-9999999,-9999999,-9999999,-9999999,-9999999,-9999999,-9999999,-9999999,-9999999,-9999999,-9999999,-9999999,-9999999,-9999999,-9999999,-9999999,-9999999,-9999999,-9999999,-9999999,-9999999,-9999999,-9999999,-9999999,-9999999,-9999999,-9999999,-9999999,-9999999,-9999999,-9999999,-9999999,-9999999,-9999999
SKQ202405S,Slope Base,"RS01SBPS,RS01SBPD",44.53717,-125.48817,2024-04-09T02:26:12.000Z,8,*0000000000000100,2895,SKQ202405S_008.hex,*0000000000000100,11,*0000000000000100,2024-04-09T04:26:31.000Z,100.393,*0000000000000100,99.558,44.53714,-125.48824,8.7167,*0000000000000100,8.7205,*0000000000000100,3.503617,*0000000000000100,3.504309,*0000000000000100,33.0122,33.0159,4.7167,*0000000010000100,6.57918,0.0024,*0000000000000100,0.0216,97.8635,*0000000000000100,-9999999,*0000000000100001,4.823,*0000000000000100,*0000000000001000,-9999999,-9999999,-9999999,-9999999,-9999999,-9999999,-9999999,-9999999,-9999999,-9999999,-9999999,-9999999,-9999999,-9999999,-9999999,-9999999,-9999999,-9999999,-9999999,-9999999,-9999999,-9999999,-9999999,-9999999,-9999999,-9999999,-9999999,-9999999,-9999999,-9999999,-9999999,-9999999,-9999999,-9999999,-9999999,-9999999,-9999999,-9999999
SKQ202405S,Slope Base,"RS01SBPS,RS01SBPD",44.53717,-125.48817,2024-04-09T02:26:12.000Z,8,*0000000000000100,2895,SKQ202405S_008.hex,*0000000000000100,13,*0000000000000100,2024-04-09T04:29:48.000Z,50.865,*0000000000000100,50.448,44.53716,-125.48824,11.1564,*0000000000000100,11.1562,*0000000000000100,3.651496,*0000000000000100,3.651682,*0000000000000100,32.3281,32.3301,6.2029,*0000000010000100,6.26542,0.1204,*0000000000000100,0.0335,96.7065,*0000000000000100,-9999999,*0000000000100001,6.362,*0000000000000100,*0000000000001000,0.360,0.240,1.560,-9999999,-9999999,-9999999,-9999999,-9999999,-9999999,-9999999,-9999999,-9999999,-9999999,-9999999,-9999999,-9999999,-9999999,-9999999,-9999999,-9999999,-9999999,-9999999,-9999999,-9999999,-9999999,-9999999,-9999999,-9999999,-9999999,-9999999,-9999999,-9999999,-9999999,-9999999,-9999999,-9999999,-9999999,-9999999
SKQ202405S,Slope Base,"RS01SBPS,RS01SBPD",44.53717,-125.48817,2024-04-09T02:26:12.000Z,8,*0000000000000100,2895,SKQ202405S_008.hex,*0000000000000100,15,*0000000000000100,2024-04-09T04:32:30.000Z,25.167,*0000000000000100,24.962,44.53716,-125.48824,11.2503,*0000000000000100,11.2484,*0000000000000100,3.659114,*0000000000000100,3.659109,*0000000000000100,32.3314,32.3331,6.2939,*0000000010000100,6.25273,0.1901,*0000000000000100,0.0457,95.5362,*0000000000000100,-9999999,*0000000000100001,6.433,*0000000000000100,*0000000000001000,0.430,0.280,1.550,-9999999,-9999999,-9999999,-9999999,-9999999,-9999999,-9999999,-9999999,-9999999,-9999999,-9999999,-9999999,-9999999,-9999999,-9999999,-9999999,-9999999,-9999999,-9999999,-9999999,-9999999,-9999999,-9999999,-9999999,-9999999,-9999999,-9999999,-9999999,-9999999,-9999999,-9999999,-9999999,-9999999,-9999999,-9999999
SKQ202405S,Slope Base,"RS01SBPS,RS01SBPD",44.53717,-125.48817,2024-04-09T02:26:12.000Z,8,*0000000000000100,2895,SKQ202405S_008.hex,*0000000000000100,15,*0000000000000100,2024-04-09T04:32:30.000Z,25.167,*0000000000000100,24.962,44.53716,-125.48824,11.2503,*0000000000000100,11.2484,*0000000000000100,3.659114,*0000000000000100,3.659109,*0000000000000100,32.3314,32.3331,6.2939,*0000000000000100,6.25273,0.1901,*0000000000000100,0.0457,95.5362,*0000000000000100,-9999999,*0000000000100001,-9999999,-9999999,-9999999,0.440,0.310,1.540,-9999999,-9999999,-9999999,-9999999,-9999999,-9999999,-9999999,-9999999,-9999999,-9999999,-9999999,-9999999,-9999999,-9999999,-9999999,-9999999,-9999999,-9999999,-9999999,-9999999,-9999999,-9999999,-9999999,-9999999,-9999999,-9999999,-9999999,-9999999,-9999999,-9999999,-9999999,-9999999,-9999999,-9999999,-9999999
SKQ202405S,Slope Base,"RS01SBPS,RS01SBPD",44.53717,-125.48817,2024-04-09T02:26:12.000Z,8,*0000000000000100,2895,SKQ202405S_008.hex,*0000000000000100,17,*0000000000000100,2024-04-09T04:37:45.000Z,9.818,*0000000000000100,9.738,44.53714,-125.48823,11.2876,*0000000000000100,11.2868,*0000000000000100,3.661971,*0000000000000100,3.662098,*0000000000000100,32.3333,32.3352,6.309,*0000000010000100,6.24769,0.1847,*0000000000000100,0.0475,95.3583,*0000000000000100,-9999999,*0000000000100001,6.429,*0000000000000100,*0000000000001000,0.410,0.240,1.580,-9999999,-9999999,-9999999,-9999999,-9999999,-9999999,-9999999,-9999999,-9999999,-9999999,-9999999,-9999999,-9999999,-9999999,-9999999,-9999999,-9999999,-9999999,-9999999,-9999999,-9999999,-9999999,-9999999,-9999999,-9999999,-9999999,-9999999,-9999999,-9999999,-9999999,-9999999,-9999999,-9999999,-9999999,-9999999
SKQ202405S,Slope Base,"RS01SBPS,RS01SBPD",44.53717,-125.48817,2024-04-09T02:26:12.000Z,8,*0000000000000100,2895,SKQ202405S_008.hex,*0000000000000100,19,*0000000000000100,2024-04-09T04:39:54.000Z,2.931,*0000000000000100,2.907,44.53716,-125.48824,11.2897,*0000000000000100,11.2922,*0000000000000100,3.661847,*0000000000000100,3.662268,*0000000000000100,32.3331,32.335,6.3095,*0000000010000100,6.24742,0.1747,*0000000000000100,0.0472,95.3896,*0000000000000100,-9999999,*0000000000100001,6.447,*0000000000000100,*0000000000001000,0.410,0.360,1.490,-9999999,-9999999,-9999999,-9999999,-9999999,-9999999,-9999999,-9999999,-9999999,-9999999,-9999999,-9999999,-9999999,-9999999,-9999999,-9999999,-9999999,-9999999,-9999999,-9999999,-9999999,-9999999,-9999999,-9999999,-9999999,-9999999,-9999999,-9999999,-9999999,-9999999,-9999999,-9999999,-9999999,-9999999,-9999999
SKQ202405S,Slope Base,"RS01SBPS,RS01SBPD",44.53717,-125.48817,2024-04-09T02:26:12.000Z,8,*0000000000000100,2895,SKQ202405S_008.hex,*0000000000000100,19,*0000000000000100,2024-04-09T04:39:54.000Z,2.931,*0000000000000100,2.907,44.53716,-125.48824,11.2897,*0000000000000100,11.2922,*0000000000000100,3.661847,*0000000000000100,3.662268,*0000000000000100,32.3331,32.335,6.3095,*0000000010000100,6.24742,0.1747,*0000000000000100,0.0472,95.3896,*0000000000000100,-9999999,*0000000000100001,6.432,*0000000000000100,*0000000000001000,-9999999,-9999999,-9999999,-9999999,-9999999,-9999999,-9999999,-9999999,-9999999,-9999999,-9999999,-9999999,-9999999,-9999999,-9999999,-9999999,-9999999,-9999999,-9999999,-9999999,-9999999,-9999999,-9999999,-9999999,-9999999,-9999999,-9999999,-9999999,-9999999,-9999999,-9999999,-9999999,-9999999,-9999999,-9999999,-9999999,-9999999,-9999999
SKQ202405S,CE04,CE04OSSM-00016,44.366,-124.90483,2024-04-09T13:08:28.000Z,9,*0000000001000001,573,SKQ202405S_009.hex,*0000000000000100,1,*0000000000000100,2024-04-09T13:27:34.000Z,570.25,*0000000000000100,564.876,44.36598,-124.9049,4.6385,*0000000000000100,4.64,*0000000000000100,3.27105,*0000000000000100,3.271241,*0000000000000100,34.2129,34.2136,0.3815,*0000000010000100,7.17218,0.0034,*0000000000000100,0.0677,93.4553,*0000000000000100,7.517,*0000000000000100,0.366,*0000000000000100,*0000000000001000,0.010,0.070,1.130,-9999999,-9999999,-9999999,-9999999,-9999999,-9999999,-9999999,-9999999,-9999999,-9999999,-9999999,-9999999,-9999999,-9999999,-9999999,-9999999,-9999999,-9999999,-9999999,-9999999,-9999999,-9999999,-9999999,-9999999,-9999999,-9999999,-9999999,-9999999,-9999999,-9999999,-9999999,-9999999,-9999999,-9999999,-9999999
SKQ202405S,CE04,CE04OSSM-00016,44.366,-124.90483,2024-04-09T13:08:28.000Z,9,*0000000001000001,573,SKQ202405S_009.hex,*0000000000000100,1,*0000000000000100,2024-04-09T13:27:34.000Z,570.25,*0000000000000100,564.876,44.36598,-124.9049,4.6385,*0000000000000100,4.64,*0000000000000100,3.27105,*0000000000000100,3.271241,*0000000000000100,34.2129,34.2136,0.3815,*0000000010000100,7.17218,0.0034,*0000000000000100,0.0677,93.4553,*0000000000000100,7.517,*0000000000000100,0.380,*0000000000000100,*0000000000001000,0.010,0.070,1.150,-9999999,-9999999,-9999999,-9999999,-9999999,-9999999,-9999999,-9999999,-9999999,-9999999,-9999999,-9999999,-9999999,-9999999,-9999999,-9999999,-9999999,-9999999,-9999999,-9999999,-9999999,-9999999,-9999999,-9999999,-9999999,-9999999,-9999999,-9999999,-9999999,-9999999,-9999999,-9999999,-9999999,-9999999,-9999999
SKQ202405S,CE04,CE04OSSM-00016,44.37517,-124.94583,2024-04-09T19:17:30.000Z,10,*0000000000000100,565,SKQ202405S_010.hex,*0000000000000100,1,*0000000000000100,2024-04-09T19:33:37.000Z,201.372,*0000000000000100,199.652,44.37518,-124.94582,7.6335,*0000000000000100,7.6342,*0000000000000100,3.493915,*0000000000000100,3.494073,*0000000000000100,33.8937,33.8948,2.5844,*0000000010000100,6.70281,-0.0008,*0000000000000100,0.0215,97.8746,*0000000000000100,7.728,*0000000000000100,2.593,*0000000000000100,*0000000000001000,0.000,0.020,1.120,-9999999,-9999999,-9999999,-9999999,-9999999,-9999999,-9999999,-9999999,-9999999,-9999999,-9999999,-9999999,-9999999,-9999999,-9999999,-9999999,-9999999,-9999999,-9999999,-9999999,-9999999,-9999999,-9999999,-9999999,-9999999,-9999999,-9999999,-9999999,-9999999,-9999999,-9999999,-9999999,-9999999,-9999999,-9999999
SKQ202405S,CE04,CE04OSSM-00016,44.37517,-124.94583,2024-04-09T19:17:30.000Z,10,*0000000000000100,565,SKQ202405S_010.hex,*0000000000000100,1,*0000000000000100,2024-04-09T19:33:37.000Z,201.372,*0000000000000100,199.652,44.37518,-124.94582,7.6335,*0000000000000100,7.6342,*0000000000000100,3.493915,*0000000000000100,3.494073,*0000000000000100,33.8937,33.8948,2.5844,*0000000010000100,6.70281,-0.0008,*0000000000000100,0.0215,97.8746,*0000000000000100,7.728,*0000000000000100,2.619,*0000000000000100,*0000000000001000,0.010,0.060,1.120,-9999999,-9999999,-9999999,-9999999,-9999999,-9999999,-9999999,-9999999,-9999999,-9999999,-9999999,-9999999,-9999999,-9999999,-9999999,-9999999,-9999999,-9999999,-9999999,-9999999,-9999999,-9999999,-9999999,-9999999,-9999999,-9999999,-9999999,-9999999,-9999999,-9999999,-9999999,-9999999,-9999999,-9999999,-9999999
SKQ202405S,CE04,CE04OSSM-00016,44.37517,-124.94583,2024-04-09T19:17:30.000Z,10,*0000000000000100,565,SKQ202405S_010.hex,*0000000000000100,3,*0000000000000100,2024-04-09T19:44:20.000Z,25.539,*0000000000000100,25.332,44.3752,-124.94582,11.0666,*0000000000000100,11.0677,*0000000000000100,3.629542,*0000000000000100,3.629927,*0000000000000100,32.2012,32.204,6.3339,*0000000000000100,6.28253,0.1864,*0000000000000100,0.0509,95.0323,*0000000000000100,8.181,*0000000000000100,-9999999,-9999999,-9999999,0.520,0.430,1.500,-9999999,-9999999,-9999999,-9999999,-9999999,-9999999,-9999999,-9999999,-9999999,-9999999,-9999999,-9999999,-9999999,-9999999,-9999999,-9999999,-9999999,-9999999,-9999999,-9999999,-9999999,-9999999,-9999999,-9999999,-9999999,-9999999,-9999999,-9999999,-9999999,-9999999,-9999999,-9999999,-9999999,-9999999,-9999999
SKQ202405S,CE04,CE04OSSM-00016,44.37517,-124.94583,2024-04-09T19:17:30.000Z,10,*0000000000000100,565,SKQ202405S_010.hex,*0000000000000100,3,*0000000000000100,2024-04-09T19:44:20.000Z,25.539,*0000000000000100,25.332,44.3752,-124.94582,11.0666,*0000000000000100,11.0677,*0000000000000100,3.629542,*0000000000000100,3.629927,*0000000000000100,32.2012,32.204,6.3339,*0000000000000100,6.28253,0.1864,*0000000000000100,0.0509,95.0323,*0000000000000100,8.181,*0000000000000100,-9999999,-9999999,-9999999,0.600,0.270,1.640,-9999999,-9999999,-9999999,-9999999,-9999999,-9999999,-9999999,-9999999,-9999999,-9999999,-9999999,-9999999,-9999999,-9999999,-9999999,-9999999,-9999999,-9999999,-9999999,-9999999,-9999999,-9999999,-9999999,-9999999,-9999999,-9999999,-9999999,-9999999,-9999999,-9999999,-9999999,-9999999,-9999999,-9999999,-9999999
SKQ202405S,CE04,CE04OSSM-00016,44.37517,-124.94583,2024-04-09T19:17:30.000Z,10,*0000000000000100,565,SKQ202405S_010.hex,*0000000000000100,5,*0000000000000100,2024-04-09T19:47:45.000Z,8.823,*0000000000000100,8.752,44.37518,-124.94582,11.2697,*0000000000000100,11.268,*0000000000000100,3.61736,*0000000000000100,3.617575,*0000000000000100,31.9115,31.9151,6.3946,*0000000010000100,6.26682,0.0613,*0000000000000100,0.047,95.4056,*0000000000000100,8.205,*0000000000000100,6.528,*0000000000000100,*0000000000001000,0.320,0.150,1.630,-9999999,-9999999,-9999999,-9999999,-9999999,-9999999,-9999999,-9999999,-9999999,-9999999,-9999999,-9999999,-9999999,-9999999,-9999999,-9999999,-9999999,-9999999,-9999999,-9999999,-9999999,-9999999,-9999999,-9999999,-9999999,-9999999,-9999999,-9999999,-9999999,-9999999,-9999999,-9999999,-9999999,-9999999,-9999999
SKQ202405S,CE04,CE04OSSM-00016,44.37517,-124.94583,2024-04-09T19:17:30.000Z,10,*0000000000000100,565,SKQ202405S_010.hex,*0000000000000100,5,*0000000000000100,2024-04-09T19:47:45.000Z,8.823,*0000000000000100,8.752,44.37518,-124.94582,11.2697,*0000000000000100,11.268,*0000000000000100,3.61736,*0000000000000100,3.617575,*0000000000000100,31.9115,31.9151,6.3946,*0000000010000100,6.26682,0.0613,*0000000000000100,0.047,95.4056,*0000000000000100,8.205,*0000000000000100,6.527,*0000000000000100,*0000000000001000,0.340,0.150,1.630,-9999999,-9999999,-9999999,-9999999,-9999999,-9999999,-9999999,-9999999,-9999999,-9999999,-9999999,-9999999,-9999999,-9999999,-9999999,-9999999,-9999999,-9999999,-9999999,-9999999,-9999999,-9999999,-9999999,-9999999,-9999999,-9999999,-9999999,-9999999,-9999999,-9999999,-9999999,-9999999,-9999999,-9999999,-9999999
SKQ202405S,CE04,CE04OSSM-00016,44.37517,-124.94583,2024-04-09T19:17:30.000Z,10,*0000000000000100,565,SKQ202405S_010.hex,*0000000000000100,7,*0000000000000100,2024-04-09T19:50:27.000Z,3.167,*0000000000000100,3.141,44.37518,-124.94582,11.3776,*0000000000000100,11.377,*0000000000000100,3.623599,*0000000000000100,3.623731,*0000000000000100,31.8817,31.8835,6.391,*0000000010000100,6.25359,0.0257,*0000000000000100,0.0432,95.7725,*0000000000000100,8.208,*0000000000000100,6.538,*0000000000000100,*0000000000001000,0.190,0.140,1.530,-9999999,-9999999,-9999999,-9999999,-9999999,-9999999,-9999999,-9999999,-9999999,-9999999,-9999999,-9999999,-9999999,-9999999,-9999999,-9999999,-9999999,-9999999,-9999999,-9999999,-9999999,-9999999,-9999999,-9999999,-9999999,-9999999,-9999999,-9999999,-9999999,-9999999,-9999999,-9999999,-9999999,-9999999,-9999999
SKQ202405S,CE04,CE04OSSM-00016,44.37517,-124.94583,2024-04-09T19:17:30.000Z,10,*0000000000000100,565,SKQ202405S_010.hex,*0000000000000100,7,*0000000000000100,2024-04-09T19:50:27.000Z,3.167,*0000000000000100,3.141,44.37518,-124.94582,11.3776,*0000000000000100,11.377,*0000000000000100,3.623599,*0000000000000100,3.623731,*0000000000000100,31.8817,31.8835,6.391,*0000000010000100,6.25359,0.0257,*0000000000000100,0.0432,95.7725,*0000000000000100,8.208,*0000000000000100,6.512,*0000000000000100,*0000000000001000,0.210,0.120,1.580,-9999999,-9999999,-9999999,-9999999,-9999999,-9999999,-9999999,-9999999,-9999999,-9999999,-9999999,-9999999,-9999999,-9999999,-9999999,-9999999,-9999999,-9999999,-9999999,-9999999,-9999999,-9999999,-9999999,-9999999,-9999999,-9999999,-9999999,-9999999,-9999999,-9999999,-9999999,-9999999,-9999999,-9999999,-9999999
SKQ202405S,CE04,CE04OSSM-00017,44.37,-124.94367,2024-04-10T04:48:04.000Z,11,*0000000000000100,567,SKQ202405S_011.hex,*0000000000000100,1,*0000000000000100,2024-04-10T05:06:02.000Z,563.498,*0000000000000100,558.197,44.37001,-124.94359,4.7011,*0000000000000100,4.7006,*0000000000000100,3.274989,*0000000000000100,3.27507,*0000000000000100,34.1978,34.1992,0.4069,*0000000010000100,7.16217,0.0011,*0000000000000100,0.0288,97.1562,*0000000000000100,7.525,*0000000000000100,0.404,*0000000000000100,*0000000000001000,0.000,0.020,1.140,-9999999,-9999999,-9999999,-9999999,-9999999,-9999999,-9999999,-9999999,-9999999,-9999999,-9999999,-9999999,-9999999,-9999999,-9999999,-9999999,-9999999,-9999999,-9999999,-9999999,-9999999,-9999999,-9999999,-9999999,-9999999,-9999999,-9999999,-9999999,-9999999,-9999999,-9999999,-9999999,-9999999,-9999999,-9999999
SKQ202405S,CE04,CE04OSSM-00017,44.37,-124.94367,2024-04-10T04:48:04.000Z,11,*0000000000000100,567,SKQ202405S_011.hex,*0000000000000100,1,*0000000000000100,2024-04-10T05:06:02.000Z,563.498,*0000000000000100,558.197,44.37001,-124.94359,4.7011,*0000000000000100,4.7006,*0000000000000100,3.274989,*0000000000000100,3.27507,*0000000000000100,34.1978,34.1992,0.4069,*0000000010000100,7.16217,0.0011,*0000000000000100,0.0288,97.1562,*0000000000000100,7.525,*0000000000000100,0.402,*0000000000000100,*0000000000001000,0.000,0.020,1.110,-9999999,-9999999,-9999999,-9999999,-9999999,-9999999,-9999999,-9999999,-9999999,-9999999,-9999999,-9999999,-9999999,-9999999,-9999999,-9999999,-9999999,-9999999,-9999999,-9999999,-9999999,-9999999,-9999999,-9999999,-9999999,-9999999,-9999999,-9999999,-9999999,-9999999,-9999999,-9999999,-9999999,-9999999,-9999999
SKQ202405S,CE04,CE04OSSM-00017,44.37,-124.94367,2024-04-10T04:48:04.000Z,11,*0000000000000100,567,SKQ202405S_011.hex,*0000000000000100,3,*0000000000000100,2024-04-10T05:16:08.000Z,201.47,*0000000000000100,199.749,44.37002,-124.94358,7.598,*0000000000000100,7.5943,*0000000000000100,3.49104,*0000000000000100,3.490893,*0000000000000100,33.8972,33.8993,2.5206,*0000000010000100,6.70806,-0.0016,*0000000000000100,0.0222,97.8072,*0000000000000100,7.729,*0000000000000100,2.599,*0000000000000100,*0000000000001000,0.000,0.020,1.130,-9999999,-9999999,-9999999,-9999999,-9999999,-9999999,-9999999,-9999999,-9999999,-9999999,-9999999,-9999999,-9999999,-9999999,-9999999,-9999999,-9999999,-9999999,-9999999,-9999999,-9999999,-9999999,-9999999,-9999999,-9999999,-9999999,-9999999,-9999999,-9999999,-9999999,-9999999,-9999999,-9999999,-9999999,-9999999
SKQ202405S,CE04,CE04OSSM-00017,44.37,-124.94367,2024-04-10T04:48:04.000Z,11,*0000000000000100,567,SKQ202405S_011.hex,*0000000000000100,3,*0000000000000100,2024-04-10T05:16:08.000Z,201.47,*0000000000000100,199.749,44.37002,-124.94358,7.598,*0000000000000100,7.5943,*0000000000000100,3.49104,*0000000000000100,3.490893,*0000000000000100,33.8972,33.8993,2.5206,*0000000010000100,6.70806,-0.0016,*0000000000000100,0.0222,97.8072,*0000000000000100,7.729,*0000000000000100,2.578,*0000000000000100,*0000000000001000,0.010,0.030,1.280,-9999999,-9999999,-9999999,-9999999,-9999999,-9999999,-9999999,-9999999,-9999999,-9999999,-9999999,-9999999,-9999999,-9999999,-9999999,-9999999,-9999999,-9999999,-9999999,-9999999,-9999999,-9999999,-9999999,-9999999,-9999999,-9999999,-9999999,-9999999,-9999999,-9999999,-9999999,-9999999,-9999999,-9999999,-9999999
SKQ202405S,CE04,CE04OSSM-00017,44.37,-124.94367,2024-04-10T04:48:04.000Z,11,*0000000000000100,567,SKQ202405S_011.hex,*0000000000000100,5,*0000000000000100,2024-04-10T05:22:53.000Z,25.878,*0000000000000100,25.668,44.37,-124.94356,10.9915,*0000000000000100,10.9916,*0000000000000100,3.62743,*0000000000000100,3.627598,*0000000000000100,32.246,32.2476,6.2992,*0000000000000100,6.29085,0.2334,*0000000000000100,0.056,94.5555,*0000000000000100,8.179,*0000000000000100,-9999999,-9999999,-9999999,0.610,0.330,1.600,-9999999,-9999999,-9999999,-9999999,-9999999,-9999999,-9999999,-9999999,-9999999,-9999999,-9999999,-9999999,-9999999,-9999999,-9999999,-9999999,-9999999,-9999999,-9999999,-9999999,-9999999,-9999999,-9999999,-9999999,-9999999,-9999999,-9999999,-9999999,-9999999,-9999999,-9999999,-9999999,-9999999,-9999999,-9999999
SKQ202405S,CE04,CE04OSSM-00017,44.37,-124.94367,2024-04-10T04:48:04.000Z,11,*0000000000000100,567,SKQ202405S_011.hex,*0000000000000100,5,*0000000000000100,2024-04-10T05:22:53.000Z,25.878,*0000000000000100,25.668,44.37,-124.94356,10.9915,*0000000000000100,10.9916,*0000000000000100,3.62743,*0000000000000100,3.627598,*0000000000000100,32.246,32.2476,6.2992,*0000000000000100,6.29085,0.2334,*0000000000000100,0.056,94.5555,*0000000000000100,8.179,*0000000000000100,-9999999,-9999999,-9999999,0.630,0.500,1.510,-9999999,-9999999,-9999999,-9999999,-9999999,-9999999,-9999999,-9999999,-9999999,-9999999,-9999999,-9999999,-9999999,-9999999,-9999999,-9999999,-9999999,-9999999,-9999999,-9999999,-9999999,-9999999,-9999999,-9999999,-9999999,-9999999,-9999999,-9999999,-9999999,-9999999,-9999999,-9999999,-9999999,-9999999,-9999999
SKQ202405S,CE04,CE04OSSM-00017,44.37,-124.94367,2024-04-10T04:48:04.000Z,11,*0000000000000100,567,SKQ202405S_011.hex,*0000000000000100,7,*0000000000000100,2024-04-10T05:26:59.000Z,7.968,*0000000000000100,7.904,44.37001,-124.9436,11.337,*0000000000000100,11.3347,*0000000000000100,3.617259,*0000000000000100,3.617268,*0000000000000100,31.8527,31.8548,6.394,*0000000010000100,6.26015,0.0842,*0000000000000100,0.0497,95.1502,*0000000000000100,8.209,*0000000000000100,6.502,*0000000000000100,*0000000000001000,0.260,0.130,1.600,-9999999,-9999999,-9999999,-9999999,-9999999,-9999999,-9999999,-9999999,-9999999,-9999999,-9999999,-9999999,-9999999,-9999999,-9999999,-9999999,-9999999,-9999999,-9999999,-9999999,-9999999,-9999999,-9999999,-9999999,-9999999,-9999999,-9999999,-9999999,-9999999,-9999999,-9999999,-9999999,-9999999,-9999999,-9999999
SKQ202405S,CE04,CE04OSSM-00017,44.37,-124.94367,2024-04-10T04:48:04.000Z,11,*0000000000000100,567,SKQ202405S_011.hex,*0000000000000100,7,*0000000000000100,2024-04-10T05:26:59.000Z,7.968,*0000000000000100,7.904,44.37001,-124.9436,11.337,*0000000000000100,11.3347,*0000000000000100,3.617259,*0000000000000100,3.617268,*0000000000000100,31.8527,31.8548,6.394,*0000000010000100,6.26015,0.0842,*0000000000000100,0.0497,95.1502,*0000000000000100,8.209,*0000000000000100,6.506,*0000000000000100,*0000000000001000,0.220,0.210,1.460,-9999999,-9999999,-9999999,-9999999,-9999999,-9999999,-9999999,-9999999,-9999999,-9999999,-9999999,-9999999,-9999999,-9999999,-9999999,-9999999,-9999999,-9999999,-9999999,-9999999,-9999999,-9999999,-9999999,-9999999,-9999999,-9999999,-9999999,-9999999,-9999999,-9999999,-9999999,-9999999,-9999999,-9999999,-9999999
SKQ202405S,CE04,CE04OSSM-00017,44.37,-124.94367,2024-04-10T04:48:04.000Z,11,*0000000000000100,567,SKQ202405S_011.hex,*0000000000000100,9,*0000000000000100,2024-04-10T05:30:03.000Z,2.059,*0000000000000100,2.043,44.37,-124.94358,11.3225,*0000000000000100,11.3209,*0000000000000100,3.616281,*0000000000000100,3.616362,*0000000000000100,31.8581,31.8603,6.4048,*0000000010000100,6.26187,0.0814,*0000000000000100,0.0498,95.1353,*0000000000000100,8.209,*0000000000000100,6.509,*0000000000000100,*0000000000001000,0.220,0.120,1.600,-9999999,-9999999,-9999999,-9999999,-9999999,-9999999,-9999999,-9999999,-9999999,-9999999,-9999999,-9999999,-9999999,-9999999,-9999999,-9999999,-9999999,-9999999,-9999999,-9999999,-9999999,-9999999,-9999999,-9999999,-9999999,-9999999,-9999999,-9999999,-9999999,-9999999,-9999999,-9999999,-9999999,-9999999,-9999999
SKQ202405S,CE04,CE04OSSM-00017,44.37,-124.94367,2024-04-10T04:48:04.000Z,11,*0000000000000100,567,SKQ202405S_011.hex,*0000000000000100,9,*0000000000000100,2024-04-10T05:30:03.000Z,2.059,*0000000000000100,2.043,44.37,-124.94358,11.3225,*0000000000000100,11.3209,*0000000000000100,3.616281,*0000000000000100,3.616362,*0000000000000100,31.8581,31.8603,6.4048,*0000000010000100,6.26187,0.0814,*0000000000000100,0.0498,95.1353,*0000000000000100,8.209,*0000000000000100,6.520,*0000000000000100,*0000000000001000,0.190,0.130,1.540,-9999999,-9999999,-9999999,-9999999,-9999999,-9999999,-9999999,-9999999,-9999999,-9999999,-9999999,-9999999,-9999999,-9999999,-9999999,-9999999,-9999999,-9999999,-9999999,-9999999,-9999999,-9999999,-9999999,-9999999,-9999999,-9999999,-9999999,-9999999,-9999999,-9999999,-9999999,-9999999,-9999999,-9999999,-9999999
SKQ202405S,CE01,CE01ISSM-00019,44.6545,-124.09633,2024-04-10T14:04:08.000Z,12,*0000000000000100,24,SKQ202405S_012.hex,*0000000000000100,1,*0000000000000100,2024-04-10T14:10:46.000Z,18.994,*0000000000000100,18.84,44.65442,-124.0963,11.0339,*0000000000000100,11.0333,*0000000000000100,3.568553,*0000000000000100,3.568785,*0000000000000100,31.6312,31.634,6.4102,*0000000010000100,6.30974,0.3419,*0000000000000100,0.1679,84.5412,*0000000000000100,8.203,*0000000000000100,6.586,*0000000000000100,*0000000000001000,1.490,0.470,1.700,-9999999,-9999999,-9999999,-9999999,-9999999,-9999999,-9999999,-9999999,-9999999,-9999999,-9999999,-9999999,-9999999,-9999999,-9999999,-9999999,-9999999,-9999999,-9999999,-9999999,-9999999,-9999999,-9999999,-9999999,-9999999,-9999999,-9999999,-9999999,-9999999,-9999999,-9999999,-9999999,-9999999,-9999999,-9999999
SKQ202405S,CE01,CE01ISSM-00019,44.6545,-124.09633,2024-04-10T14:04:08.000Z,12,*0000000000000100,24,SKQ202405S_012.hex,*0000000000000100,1,*0000000000000100,2024-04-10T14:10:46.000Z,18.994,*0000000000000100,18.84,44.65442,-124.0963,11.0339,*0000000000000100,11.0333,*0000000000000100,3.568553,*0000000000000100,3.568785,*0000000000000100,31.6312,31.634,6.4102,*0000000010000100,6.30974,0.3419,*0000000000000100,0.1679,84.5412,*0000000000000100,8.203,*0000000000000100,6.565,*0000000000000100,*0000000000001000,1.740,0.700,1.660,-9999999,-9999999,-9999999,-9999999,-9999999,-9999999,-9999999,-9999999,-9999999,-9999999,-9999999,-9999999,-9999999,-9999999,-9999999,-9999999,-9999999,-9999999,-9999999,-9999999,-9999999,-9999999,-9999999,-9999999,-9999999,-9999999,-9999999,-9999999,-9999999,-9999999,-9999999,-9999999,-9999999,-9999999,-9999999
SKQ202405S,CE01,CE01ISSM-00019,44.6545,-124.09633,2024-04-10T14:04:08.000Z,12,*0000000000000100,24,SKQ202405S_012.hex,*0000000000000100,3,*0000000000000100,2024-04-10T14:13:53.000Z,8.245,*0000000000000100,8.179,44.65442,-124.09626,11.2126,*0000000000000100,11.2143,*0000000000000100,3.556808,*0000000000000100,3.556957,*0000000000000100,31.3673,31.3674,6.6346,*0000000010000100,6.29616,0.2356,*0000000000000100,0.1926,82.481,*0000000000000100,8.219,*0000000000000100,6.746,*0000000000000100,*0000000000001000,1.050,0.320,1.700,-9999999,-9999999,-9999999,-9999999,-9999999,-9999999,-9999999,-9999999,-9999999,-9999999,-9999999,-9999999,-9999999,-9999999,-9999999,-9999999,-9999999,-9999999,-9999999,-9999999,-9999999,-9999999,-9999999,-9999999,-9999999,-9999999,-9999999,-9999999,-9999999,-9999999,-9999999,-9999999,-9999999,-9999999,-9999999
SKQ202405S,CE01,CE01ISSM-00019,44.6545,-124.09633,2024-04-10T14:04:08.000Z,12,*0000000000000100,24,SKQ202405S_012.hex,*0000000000000100,3,*0000000000000100,2024-04-10T14:13:53.000Z,8.245,*0000000000000100,8.179,44.65442,-124.09626,11.2126,*0000000000000100,11.2143,*0000000000000100,3.556808,*0000000000000100,3.556957,*0000000000000100,31.3673,31.3674,6.6346,*0000000010000100,6.29616,0.2356,*0000000000000100,0.1926,82.481,*0000000000000100,8.219,*0000000000000100,6.763,*0000000000000100,*0000000000001000,1.360,0.340,1.740,-9999999,-9999999,-9999999,-9999999,-9999999,-9999999,-9999999,-9999999,-9999999,-9999999,-9999999,-9999999,-9999999,-9999999,-9999999,-9999999,-9999999,-9999999,-9999999,-9999999,-9999999,-9999999,-9999999,-9999999,-9999999,-9999999,-9999999,-9999999,-9999999,-9999999,-9999999,-9999999,-9999999,-9999999,-9999999
SKQ202405S,CE01,CE01ISSM-00019,44.6545,-124.09633,2024-04-10T14:04:08.000Z,12,*0000000000000100,24,SKQ202405S_012.hex,*0000000000000100,5,*0000000000000100,2024-04-10T14:18:00.000Z,2.463,*0000000000000100,2.443,44.65442,-124.09628,11.1535,*0000000000000100,11.1541,*0000000000000100,3.550098,*0000000000000100,3.550285,*0000000000000100,31.3542,31.3556,6.6316,*0000000010000100,6.30466,0.2094,*0000000000000100,0.1984,82.0026,*0000000000000100,8.215,*0000000000000100,6.756,*0000000000000100,*0000000000001000,1.000,0.370,1.670,-9999999,-9999999,-9999999,-9999999,-9999999,-9999999,-9999999,-9999999,-9999999,-9999999,-9999999,-9999999,-9999999,-9999999,-9999999,-9999999,-9999999,-9999999,-9999999,-9999999,-9999999,-9999999,-9999999,-9999999,-9999999,-9999999,-9999999,-9999999,-9999999,-9999999,-9999999,-9999999,-9999999,-9999999,-9999999
SKQ202405S,CE01,CE01ISSM-00019,44.6545,-124.09633,2024-04-10T14:04:08.000Z,12,*0000000000000100,24,SKQ202405S_012.hex,*0000000000000100,5,*0000000000000100,2024-04-10T14:18:00.000Z,2.463,*0000000000000100,2.443,44.65442,-124.09628,11.1535,*0000000000000100,11.1541,*0000000000000100,3.550098,*0000000000000100,3.550285,*0000000000000100,31.3542,31.3556,6.6316,*0000000010000100,6.30466,0.2094,*0000000000000100,0.1984,82.0026,*0000000000000100,8.215,*0000000000000100,6.794,*0000000000000100,*0000000000001000,1.050,0.370,1.680,-9999999,-9999999,-9999999,-9999999,-9999999,-9999999,-9999999,-9999999,-9999999,-9999999,-9999999,-9999999,-9999999,-9999999,-9999999,-9999999,-9999999,-9999999,-9999999,-9999999,-9999999,-9999999,-9999999,-9999999,-9999999,-9999999,-9999999,-9999999,-9999999,-9999999,-9999999,-9999999,-9999999,-9999999,-9999999
SKQ202405S,CE01,CE01ISSM-00020,44.66083,-124.09833,2024-04-11T01:49:35.000Z,13,*0000000000000100,28,SKQ202405S_013.hex,*0000000000000100,1,*0000000000000100,2024-04-11T01:54:48.000Z,21.631,*0000000000000100,21.455,44.66082,-124.09825,10.6855,*0000000000000100,10.7074,*0000000000000100,3.587661,*0000000000000100,3.587061,*0000000000000100,32.1224,32.0973,5.7913,*0000000010000100,6.33737,0.1985,*0000000000000100,0.3232,72.3829,*0000000000000100,8.099,*0000000000000100,5.935,*0000000000000100,*0000000000001000,1.910,2.460,1.400,-9999999,-9999999,-9999999,-9999999,-9999999,-9999999,-9999999,-9999999,-9999999,-9999999,-9999999,-9999999,-9999999,-9999999,-9999999,-9999999,-9999999,-9999999,-9999999,-9999999,-9999999,-9999999,-9999999,-9999999,-9999999,-9999999,-9999999,-9999999,-9999999,-9999999,-9999999,-9999999,-9999999,-9999999,-9999999
SKQ202405S,CE01,CE01ISSM-00020,44.66083,-124.09833,2024-04-11T01:49:35.000Z,13,*0000000000000100,28,SKQ202405S_013.hex,*0000000000000100,1,*0000000000000100,2024-04-11T01:54:48.000Z,21.631,*0000000000000100,21.455,44.66082,-124.09825,10.6855,*0000000000000100,10.7074,*0000000000000100,3.587661,*0000000000000100,3.587061,*0000000000000100,32.1224,32.0973,5.7913,*0000000010000100,6.33737,0.1985,*0000000000000100,0.3232,72.3829,*0000000000000100,8.099,*0000000000000100,5.944,*0000000000000100,*0000000000001000,1.800,2.100,1.420,-9999999,-9999999,-9999999,-9999999,-9999999,-9999999,-9999999,-9999999,-9999999,-9999999,-9999999,-9999999,-9999999,-9999999,-9999999,-9999999,-9999999,-9999999,-9999999,-9999999,-9999999,-9999999,-9999999,-9999999,-9999999,-9999999,-9999999,-9999999,-9999999,-9999999,-9999999,-9999999,-9999999,-9999999,-9999999
SKQ202405S,CE01,CE01ISSM-00020,44.66083,-124.09833,2024-04-11T01:49:35.000Z,13,*0000000000000100,28,SKQ202405S_013.hex,*0000000000000100,3,*0000000000000100,2024-04-11T01:58:37.000Z,8.746,*0000000000000100,8.675,44.66082,-124.09826,11.4141,*0000000000000100,11.4147,*0000000000000100,3.582412,*0000000000000100,3.582589,*0000000000000100,31.4459,31.4471,6.6437,*0000000010000100,6.26599,0.2017,*0000000000000100,0.1745,83.9879,*0000000000000100,8.241,*0000000000000100,6.774,*0000000000000100,*0000000000001000,0.860,0.400,1.630,-9999999,-9999999,-9999999,-9999999,-9999999,-9999999,-9999999,-9999999,-9999999,-9999999,-9999999,-9999999,-9999999,-9999999,-9999999,-9999999,-9999999,-9999999,-9999999,-9999999,-9999999,-9999999,-9999999,-9999999,-9999999,-9999999,-9999999,-9999999,-9999999,-9999999,-9999999,-9999999,-9999999,-9999999,-9999999
SKQ202405S,CE01,CE01ISSM-00020,44.66083,-124.09833,2024-04-11T01:49:35.000Z,13,*0000000000000100,28,SKQ202405S_013.hex,*0000000000000100,3,*0000000000000100,2024-04-11T01:58:37.000Z,8.746,*0000000000000100,8.675,44.66082,-124.09826,11.4141,*0000000000000100,11.4147,*0000000000000100,3.582412,*0000000000000100,3.582589,*0000000000000100,31.4459,31.4471,6.6437,*0000000010000100,6.26599,0.2017,*0000000000000100,0.1745,83.9879,*0000000000000100,8.241,*0000000000000100,6.827,*0000000000000100,*0000000000001000,0.890,0.330,1.670,-9999999,-9999999,-9999999,-9999999,-9999999,-9999999,-9999999,-9999999,-9999999,-9999999,-9999999,-9999999,-9999999,-9999999,-9999999,-9999999,-9999999,-9999999,-9999999,-9999999,-9999999,-9999999,-9999999,-9999999,-9999999,-9999999,-9999999,-9999999,-9999999,-9999999,-9999999,-9999999,-9999999,-9999999,-9999999
SKQ202405S,CE01,CE01ISSM-00020,44.66083,-124.09833,2024-04-11T01:49:35.000Z,13,*0000000000000100,28,SKQ202405S_013.hex,*0000000000000100,5,*0000000000000100,2024-04-11T02:00:30.000Z,2.242,*0000000000000100,2.224,44.66082,-124.09826,11.414,*0000000000000100,11.4149,*0000000000000100,3.582177,*0000000000000100,3.582379,*0000000000000100,31.4463,31.4475,6.6567,*0000000010000100,6.26598,0.2075,*0000000000000100,0.1792,83.5897,*0000000000000100,8.241,*0000000000000100,6.780,*0000000000000100,*0000000000001000,0.820,0.300,1.670,-9999999,-9999999,-9999999,-9999999,-9999999,-9999999,-9999999,-9999999,-9999999,-9999999,-9999999,-9999999,-9999999,-9999999,-9999999,-9999999,-9999999,-9999999,-9999999,-9999999,-9999999,-9999999,-9999999,-9999999,-9999999,-9999999,-9999999,-9999999,-9999999,-9999999,-9999999,-9999999,-9999999,-9999999,-9999999
SKQ202405S,CE01,CE01ISSM-00020,44.66083,-124.09833,2024-04-11T01:49:35.000Z,13,*0000000000000100,28,SKQ202405S_013.hex,*0000000000000100,5,*0000000000000100,2024-04-11T02:00:30.000Z,2.242,*0000000000000100,2.224,44.66082,-124.09826,11.414,*0000000000000100,11.4149,*0000000000000100,3.582177,*0000000000000100,3.582379,*0000000000000100,31.4463,31.4475,6.6567,*0000000010000100,6.26598,0.2075,*0000000000000100,0.1792,83.5897,*0000000000000100,8.241,*0000000000000100,6.783,*0000000000000100,*0000000000001000,0.890,0.330,1.670,-9999999,-9999999,-9999999,-9999999,-9999999,-9999999,-9999999,-9999999,-9999999,-9999999,-9999999,-9999999,-9999999,-9999999,-9999999,-9999999,-9999999,-9999999,-9999999,-9999999,-9999999,-9999999,-9999999,-9999999,-9999999,-9999999,-9999999,-9999999,-9999999,-9999999,-9999999,-9999999,-9999999,-9999999,-9999999
